sentiment,selected_text
0,Sooo SAD
0,bullying me
0,leave me alone
0,"Sons of ****,"
1,fun
1,Wow... u just became cooler.
1,like
0,DANGERously
0,lost
0,"Uh oh, I am sunburned"
0,*sigh*
0,sick
0,onna
1,interesting.
1,"the free fillin` app on my ipod is fun, im addicted"
0,I`m sorry.
0,.no internet
1,fun
0,Power back up not working too
1,Quite....heavenly
1,hope
0,well so much for being unhappy for about 10 minute
1,funny.
0,miss
0,soooooo sleeeeepy!!!
1,A little happy fo
1,avid fan of
1,I love to!
0,SUCKKKKKK
0,dont like go
0,d I`m not thrilled at all with mine.
0,it is ****...u have dissappointed me that past few days
1,romance zero is funny
0,hurts
0,"i lost all my friends, i`m alone and sleepy.."
0,I give in to easily
1,favorite
0,jealous..
1,s awesome
1,Chilliin
1,better
0,BADDD.
0,I am sooo tired
1,THANK YYYYYYYYYOOOOOOOOOOUUUUU!
1,lucky
0,Sick.
0,", sorry guys"
1,Happy Star Wars day everyone! and Enjoy the holiday (UK)
0,i miss you bby
1,cool
1,Love it there
0,tired
1,Happy Mothers day to all you Mums out there
0,freaked
0,unfortunately
1,best
1,Pretty
0,"horrible,"
0,busy
1,Awesome.
1,thanks
1,safe
1,I wish I was allowed to go
1,"Thank you,"
1,I love my
0,I don`t feel confident
0,sad.
1,hahaa your awesomee !
1,awesomeeeee
0,Not looking forward
0,Poor you
0,not well
1,Not a prob
1,y adore
1,good
1,I love him too
0,painful.
0,sad?
1,e nice
1,i wish
0,"missed all the awesome weather,"
0,terrible!
0,"Unfortunatley,"
0,"That sucks, tho."
0,Hate fighting
0,Car-warmed Sprite tastes like sore throat
1,enjoyable.
1,endearing-
1,goooooddd morning tweets!!
0,hate
1,fine!
0,i don`t like the other ones.
0,Bugger. forgot I still have washing in my machine
1,"sending love, blessings & healing thoughts to you & family  peace"
0,.really bad
0,brutal
0,boring
1,great
1,excited
1,good morning
1,its the best show EVER!
0,messed
0,NOT THE SECRET NAMEREBECCA PLEASE
0,miss
0,illness
1,i totally loved it!
1,i <3 you. u helped me thru the hrdest time of my life!
0,sad
0,sick!
0,oww
1,happy 1 year! <3
1,Goooooooooooood Morrrrrrrrning
0,WHAT ABOUT ME ??  I VOTE EVERY DAY FOR YOU !!!!!
0,This diet is killing me
0,bored..
1,e fun
0,lost my voice
0,hate
0,I AM SUCH A CREEPER  I feel disappointed because of it. **** my cyberstalking skills   the internet = no more privacy
0,headache
1,happy
1,going to have fun
1,d thank you!
1,HAHAHA
1,crush
1,Feeling smooth
0,Ew traffic
0,I hate not having a bike..
0,This is worse than taxes.
1,JONAS BROTHERS - Live to party.                It`s rocking so hard
1,happy
1,would love to test it though.
1,Fun night!
1,I thought Wolverine was awesome.
1,Hopefully
1,Happy
1,luv
1,that`s why I need to be there
1,",ahaha"
0,I`m not sleeping at all un
0,"Seriously,"
0,not going to well!
0,g harmed
1,what an amazing day.
1,"Well good morning all, What a wonderful day in the neighborhood  Thanks for all those that are now following another 60 this morning"
1,were amazing tonight..
1,hope
1,it hurts too much...
1,GREAT
1,Happy b-day!
1,thank
1,HAPPY
1,glad
1,Thanks
1,Its too nice
0,depressed
0,sick.
1,Happy Mothers Day people. i love my mom a lot still
0,sorry
1,", he was soooo friendly."
1,happy
0,You know your neck is jacked up when you are forced to pay for parking bc you can`t turn you head to parallel park in the free spaces...
0,miss
0,chocked
1,.it`s gorgeous out!
0,m worried
0,Im not bannished.
1,tonight in party w/ my girls (minus vita)
1,amazing
1,glad
0,I have missed them
1,as wort
1,better
0,Ship. I`m stuck.
1,Cannot wait
0,shame
0,Definitely pinched a nerve.
0,exhausting!
0,Sorry
0,im sad it very hurts
1,"Before I get too distracted, I`d like to thank my new followers for taking the trouble to follow me! And to my others: feelin the love"
0,I`m broke
1,it was amazin
0,now a migraine.
0,?sucks!?..
1,"doing pretty well,"
0,I Miss Daddy and Mommy
0,officially depressed
1,exciting!
0,That sucks!
0,bored
0,I am lost.
0,bad
1,oh nice going!
1,partying
1,i agree with you!
0,Am hopeless at everything else
1,perfect ma
1,thanks!
0,Sorry
0,stuck
0,dang
0,i missed all ur tweets
0,Damnit all. That sucks.
0,this is sooo crazy
0,some stupid ****
1,Please Re
1,aww  you loooove me
1,awesome lucky you
1,love
0,No fun
0,I feel your pain.
0,Sadly
1,Cant wait
0,aww I miss driving
1,Omg Wango Tango was **** AWSOME! I love my baby for taking me
1,its very cool
1,wish
0,that`s not good
1,This has made my night!!  Way too funny!
1,Happy
1,Thanks
0,sorry  friends
0,"My sunburn is peeling,"
0,I don`t have no one to cuddle with..
0,hate
0,.sorry
0,dying
0,stupid job
1,Have a good on
1,"she is popular,"
0,Dosen`t Want To
1,His voice is great.
1,lucky
1,I sure do hope
1,Congrats!
0,passed away
1,you are such amazing people!
1,cool
1,"Yes, I love tea."
1,a mouth for sure
1,thanks!
0,s I just don`t entertain him :/
0,kill me
0,both electronic keys stopped working. there is no keyhole!
1,Good
0,poor tony
1,Goodmorning
0,I don`t really feel like
1,"I love mine, too . happy motherï¿½s day to your mom , John Taylor  . much love to you, too"
1,best
0,No waterfront anymore
1,loves her mum very much! Happy Mothers Day to all the wonderful mothers out there
0,feeling like poop!
1,excited
0,then you cry ...
1,Morning tweeple
1,#NAME?
0,I don`t want to sit at home
1,wishing
0,dammit
1,lol.
0,Still jealous
0,Me at Forever 21  Ethan couldn`t be there
0,SAD
0,not easy!
1,Wow what a beautiful pictur
1,Looks good
1,a nice
1,having lots of fun
0,Bouncing Rush makes me feel nauseous
1,Lovely day for it
0,playing singstar without my fave duetter
1,i like
1,im a good daughter
0,That`s NOT cool
1,alwas helps.
0,"lacking,"
1,cool
1,Good
0,swollen.
0,Don`t act like u don`t know.
1,best
0,! I`m scared of him
0,missing
0,mean!
0,"not doing so good,"
0,Missing
0,stuck
0,sad.
0,Sorr
0,live in poverty.
0,not going well
1,congratulations
0,I miss it there
0,wack.
1,hopefully i can make some good tips
0,d there wasn`t a chance
0,Hates
1,Thanks for the support
1,lovely
1,Nyappy mother`s day to your mom`s.
0,traumatizing
0,fail)
1,glad
0,im allergic to cats! my tonsils get swollen and they hurt  what do i dooo?!
0,. Tomorrow will be tough!
0,miss
1,i`m glad
1,Thanks
1,i hope
1,"well,"
1,Ahhh i`m sqeaky clean and fresh. Even though i`m wearing dirty clothes  I love Two and a Half Men - it`s amazing!
0,i am living in ignorance
0,AWWWW  we`re gonna miss you!
1,its a relaxing place
1,lovely
0,. Sorry
0,dammit
1,it was amazing
0,sick and sad ..
0,Really wishes he had some spare cash to buy the new Punch Out for Wii
0,not going
0,So sorry
1,I feel for you  I hope it`s a smooth flight. Be safe
0,Can`t sleep..
0,sad.
1,sweet dreams
0,PAIN.
1,haha thanks  its for history and its on how the invention of television has influence america lol
0,Stupid
0,Shopped til i dropped....come bac sunshine i miss u
1,Like
1,loved!
0,hard
0,terrible headache and super swollen and puffy eyes! i dont think im going out today.ugh!
1,Sun is shinning.........at last
0,"slowest train ever,"
0,I don`t think I`ve ever been so tierd in my life.U
0,why doesnt he want me anymore
0,bad hair day
0,headache
0,sorry
1,thanks for another great day!
0,huh?
1,awesome
1,happy
0,Stupid
0,I didn`t want to tell you but I think it`s your body odour
0,bad
0,missed
0,Unfortunately
1,fun
1,Discrimination is not a bad thing.
0,"tease,"
1,Just got back from working out. I`m feeling pretty good.
1,"So!!! Why should that matter? I bet you would be GREAT at it! I do!!! It`s what you love, right? Why not go for it!"
1,Thank the heavens.
0,bad
0,no answer back.
1,me smile.
0,I`m kinda o sick n tired
0,boo.
0,missed out
1,.great.
1,"finally gone to the beach, yeaaaah!"
1,awesome
1,Gorgeous GIRL!
1,hysterical
1,loved
0,ugh! These **** tonsils.
1,"bless,"
1,good fun
0,lost
0,though that isn`t going so well.
1,good
0,im back to this z-index problem...again
0,so bored at work...
0,hating
0,sucks!!
1,Happy Mother`s Day
0,sorry
1,love good causes
0,Not available in my area
0,cramps
1,thank you
0,FML
1,"funny,"
0,grouchy
0,worse.
1,would help me study for the aptitude tests
1,cute.
1,Loved
0,my inbox is still empty
0,I`m such a rebel!
0,.i`m sorry
1,nice
1,love!!
1,good.
0,lost
0,That was stone cold   Crazy.
1,they were so pretty
0,.no one will help me
1,thanks
1,Thanks
0,oh sorry! not getting all my replies  nothing against you.
1,"Pray for my Uncle,"
0,omg i wanted to slap her.
1,very special`s
1,great
0,mad
1,Thanks
1,Such a pretty baby!
1,cute..
1,k  thank
0,fail at life sometimes.
1,WISH
1,. He gives Twitter tips. Hope this helps
1,I loved him
1,... LOL Than
1,gorgeous!
1,I guess the relaxing dinner and a movie is out for tonight...I was looking forward to that after my day at work
1,rofl uh huh
1,funny!
0,"doesn`t that look fab,"
0,terrible
0,irrelevant.
0,I`m too sick to go outside
1,good
1,excited
1,"love,"
0,bad
0,screwed
0,just got laid off. Lots of people becoming unemployed
1,e bestttt
0,i never knew a dentention was so hard
1,fun
0,my nail broke  I haaaaaaaaate
0,IS disappointing
1,Love
0,. I hope Avalina isn`t a dud!
0,hates
1,Lovely
0,Flap-a-taco was nice until the plebs came in.
1,celebrate
1,"am chillaxin after a busy BankHoliday, Hope everbody had a gd wkend! Holiday in 12 days!!"
1,better
1,wow-you ride HARD!
1,Thanks! Welcome back!
0,t sucks
0,sore head
1,e`s amazi
1,LMAO...Ha!
0,stupid
0,"I don`t think I am, my sisters refusn to get me a ticket now."
1,love
1,one of the greatest dinners ever:
0,nooooo its raining..
1,Shower. Class. More class. Taking care of my lady-friend.
1,great
1,great
1,i LOVED
1,The World is just amazing!
0,i am completely lost.
1,cute!
0,silly
1,just had a great talk with grace about how awesome God is and how he works...that somehow started with how remote controls work
0,beasted
0,UNSALVAGEABLE
0,ended up inventing my own.
0,seems to have disappeared out of my life
1,"HAPPY MOTHER`S DAY to my Mom, and every Mom everywhere.  Off for a stroll at the Beaches later--hopefully..."
1,haha!
1,best
0,"****,"
0,aww
0,nothing fair
1,"You better come here by the time I count to 10 or else. 1, 2, 3,  BAM!!!!!"
1,"well,"
0,i`m going to fail this final.
1,", Thx"
0,how sad! are you saying that I`m fat?  *tears*
0,can`t find it anywhere!
0,i have a major headache
1,ch fu
0,"Stupid me,"
1,very relaxing
1,yessir that is 100% right
1,GREAT
0,sad.
1,thanx
1,very cute
1,COOOOOOOOOL... DOOOOOOOOOWN... Patience... Is... Virtue...
0,expensive.
0,So tired &
1,Happy
1,GOODNIGHT
0,Mad tired. But it`s the hols! I miss chomp chomp terribly!
1,Good
1,good
1,glad
0,Missing
0,It just had to rain on me
1,I miss u guys too  I prob won`t b bk til august sumtime
0,i`m a victim
0,i would slip and fall..
1,looking forward to it
0,a stop
1,can`t wait to november for Jobros concert !
0,but I feel sorry for Marcus though.
0,can`t believe
0,sorry ba
1,i jus love doin night shifts...
0,reupload the **** thing again
1,your updates are really amusing.
1,Loves the fact
1,s not bad
1,awesome.
0,rough
1,"Aww, congrats to the family."
1,YAY!
1,Goodnight!
0,Im too late... Hes gone
0,lost my internet signal
1,"Good for you mate, sadly I couldnt get pissed tonight **** driving bad times"
0,blood everywhere!!!
1,very very cute
1,Great
0,hurt my arm.
0,****
0,tiiiiiiired! Going to bed!
1,I hope
0,keeps getting such delayed responses. why is my internet so messed up?!
0,sad.
1,Good
1,Thanks man.  That sorted it
1,enjoying
1,favourite
1,congratulatory
0,"Sadly, that`s not too often"
1,good times.
0,The sun is not cool
0,...  that was meeeaaannn.
1,Invisible car helps to boost recycling. Honest
1,pretty.
1,d really love that!
0,so sadly
1,nice
1,Happy
1,Enjoying
1,happy
0,my bad
0,forgot
1,thanxx
0,poorly
1,Happy St
0,I won`t have a chance later.
1,hope
1,s  you`re the best
0,SHUT YOUR FACE!
1,cant wait
1,laavly
0,I`m really getting sick ugh
0,stalkerishly
0,s disappointing
1,hopefully
1,Happy
1,thanks
1,"s fun,"
1,h) wish I could go too
1,excited
0,****
0,mad the rain got me..
0,i dont feel very good
1,congradts on ur show  Even tho i wasnt there lol
1,damjust finished watching Prison Break: the final break...omg i dont think i`ve cried so hard for a show..Finally understand the finale
0,excuse
1,good
1,awesome
0,I`m afraid.
0,I`m not having the best day
1,Welcome
1,Thanks
1,"Thanks,"
1,feeling all homely! off out with Freddie for a fun-packed day
1,I sorry
0,just couldn`t remember!!
1,I wish I had the battery life of an iPhone!
1,happy
1,Omg.
1,better
0,Work in that heat is horrible !
1,d turned me human
1,m glad
1,Thanks Savvv
1,my sleep pattern is screwed
0,isn`t easy to find
1,may the fourth be with you! happy star wars day
0,".just not lucky, never have been."
0,Taking care of yucky stuff.
0,lame
1,good
0,cry
1,HAPPY
1,i hope
0,"I`m tired,"
1,That`s me on a good day
0,not good.
1,: I ADMIRE YOU! you`re amazing! you inspire me to write  <3
1,I LOVE being off work
1,"hahaha, I was busy, now I see what I replied to you!"
1,thank you
0,very bad.
1,Thank you
1,pretty much figured out.
0,I scared
1,Happy mother`s day to you Lexus.  I hopw it`s a nice one for you.
1,love
1,fave
1,Thanks
0,bad
0,"Its prob cuz I don`t really like sleeping in late, even if I tried."
1,Congrats
0,t I`m still stick.
1,ut yes now would be good
0,lost
0,****
0,My throat is killing me
1,awww  I`ll let you off - but you`d better be there for my next 30th! XD
0,bloody
0,o itchy
1,good
1,(much) better cook
1,", enjoy"
1,great
1,Yaay like it !  ?    Love
0,waste
0,'accidentally'
1,Thanks you so much
0,sad me
1,Happy Mother`s Day
0,"SUCKS,"
1,Please feel free to watch and enjoy
1,nice.
1,who I think is very smart
1,o   It looks amazi
1,yeah twitter is a lot of fun babe... especially when you`ve got ppl to talk to! lol & that sounds Goooooood lol
1,loveeee
1,so grateful!!
0,has heart burn
1,thanks to you th
1,Happy
1,luv
0,afraid
0,hard
1,positivity is doin me good! Change it up! Won`t regret it... Forsure..
1,Love
1,laughing
0,.I`ve become poor again
1,worth
0,No internet there.
1,awesome
0,loosing
1,nice we
0,tired?
1,please
0,painful
1,Aw. Toy Story 3 is coming out NEXT year.
1,Happy
1,monumental
1,Good days with good friends ma
0,miss yall
1,OMG I would sooooo make dis show number one
0,i`m all alone
1,n interesting
1,aaawww  no worries
1,fun.
1,nice to have you back
1,Enjoy the coffee.
0,sad!
0,And i freakin miss anthony  ugh today kinda sucks.
1,my little felted thing looks like an incestuous by- product of two of your lovelies
0,s super sad
0,breaks my heart.
1,thanks
0,terrible
1,Happy Mothers Day!
1,Happy
1,happy
0,problem
1,Happy
1,thanks
0,E EXPENSIVE
1,msn-ing. no school  shouldn`t there be more bank holidays? x
0,so sorry
1,AWESOME
1,#NAME?
0,is sad th
0,Poor
0,o can`t work that one out  pain in the **** them spammers
1,i love my brother he`s my best friend
0,**** it. Totally gutted
0,I don`t think I like
0,tan
1,"As opposed to twitter, where all we can do is talk to people.  SL is fun. I already have way too many ways to distract myself."
0,The chances of us falling in love are getting fewer and fewer.
1,Thanks!
0,fusterated
1,gob smacked by how good our presentation was
1,awesome
0,afraid
1,"When balancing a chair on my chin in the sixth form common room got nothing but sneers, I hung those balls up for good"
0,bad
0,jealous
1,niceee
0,I`m SO jealous
0,I`m ill
1,I might really have to join
1,joke
1,wont mind sharing
0,..poor thing.
0,e such a nasty display picture
1,nice
1,thanks  scared of dentists.. looks like I am going to have to get over it and go
0,having fever
0,"Sick. Feel like jello, can`t talk, and delirious."
0,It`s teddy-chucking time
1,great!
1,Thanks for your reply
0,I miss my lappy.
0,"sux,"
1,definitely!
1,good
0,sick
0,my arms hurt!
1,..definitely the best of EBM
0,SO HUNGRY!
0,oh no!!!
0,Miss Cauzinhoooo already
1,Feel free
0,sorry
1,I LLLOOOVVVEEE ICARLY
1,Thanks for all the comments
0,missed
1,Glad to see the sun out in Dublin after a great week
0,You are so weird.
1,had an awsome salad!
1,SO cute
0,hurts
0,lost
1,hahah
1,"Dan`s so funny,"
1,hope your day gets better soon!!
1,Thanks
0,urgh
0,my car wont start.......
0,canceled.
1,adorable
1,I can be on your favorite producers list  lol
1,I`d love to!!
0,The people get so much meaner to you.
0,problem
1,what a beautiful morning!
0,FAILlllllllll
1,Contentment
0,hurt to
0,! sadly
0,noone wants to talk to me  lol
0,so very irratated
1,"thats the most colorful thing ive seen all day,wow."
0,"Yeah, I went to bed at 4 and I had to be up at 6. :["
1,so goo
1,like
0,suck
1,e totally welcome
1,Hey im a fan from New Zealand. Loving the show even tho we are soooo behind in the episodes! haha. Keep up the good work
1,Nice!
1,good
1,yey
0,wtf
0,so emotional.
0,i`ll have to wait..
1,hell yeah!
1,s good
1,great
0,I don`t want her dressed up th
1,win
1,live long
1,#NAME?
0,I`m lost
0,"but not as much,"
1,ShoesShoesShoes.YayYayYay.lol.I
1,but all of my plans were for tonight  well . . . most of them anyway.
0,underpriveledged
1,beautiful
0,e swine flu
1,Happy Mothers day
0,can`t
1,"Heavens,"
1,amazecore!!
0,because no one ever understands me....
0,I overslept  headache
1,Thanks G!
1,happy star wars dayyyy
1,she`s such an amazing singer
1,love
0,too late.
1,hope ya sleepin well  guys
0,I wasn`t feeling it
0,hard
1,Thank you
1,sweet!
1,r the Best Job in the World. Good luck.
1,Happy Mothers Day!!!
1,"y i loved ACS but i had to see it online, is not here yet   cant wait to buy it!!! you look amazing ther"
1,glad
0,hurts
1,were soooooo cute
0,s feel guilty
1,e funny
0,i really cant take this.
1,IN COO
1,wish!
0,bad weather .. weird summer!
0,ugh I`m not doin too good
1,happy couple.
0,it wont let me vote for some reason
0,miss
1,Thanks
1,exciting
1,fan!
1,.THANK GOD
1,glad
0,kill
1,I love being able to run my tongue along my teeth
1,"haha,"
0,it breaks my heart
1,"Awe, THX so much!"
0,I can`t believe I`
1,Have a great time being whisked away
1,lol!
0,made me just shake my head
0,Boring
1,"Thanks,"
1,cheers
0,sad
0,.  this SUCKS
1,w  AWESOME week all around
0,haven`t been working for me all day....
0,Epicfail
0,i`m freezing in math class!
0,endure
1,I`m likable after all HAHAHAHAHAHAHA! Still over the moon
1,wish
1,Goodnight
0,money is all gone!
1,I thought it was pretty good!
1,TY very much for FF
1,Enjoy
0,quashed
1,Happy Mother`s Day to all the mothers out there!!
0,die
1,good luck
1,beautiful.
1,lovingly
1,good
1,l good for you.
1,Rescued two adorable pit mix pups today.
0,ohhh please
0,falling apart.
0,Slept at my parents the bed was hard as a rock now my back feels like a rock
0,don`t want to work
0,s not lettin me vote 4 them
0,ugh!
1,Happy
1,nice
1,thanks
0,miss
0,I hate that I can be a messy eater.
0,hurts
1,advice
1,Great..
1,good
1,i hope
0,wrong
0,. it should be recoverable.
1,thank you
0,this dude looks well `ard! He puts me to shame...
0,omg i miss you so muuch
0,has stuff to do but refuses to do them.  :[
0,one beat up little girl. Not a good day on
1,BEYOND cheap
0,I do not mean to laugh but a little giggle did come out - sorry
1,if someone had`ve told me things would get this hard..i would never have done it
1,Had a blood test today.   Wasn`t too bad really. Needed to dash 2 Starbucks after to revive my spirits with a nice Iced latte & a bun.Yum!
0,No one wants to sit with me
1,"love,"
0,5 seasons that`s it? Sorry just noticed in ur previous update. My sis isn`t gonna be happy
1,Happy
0,I miss rollerblading down Shoreline.
0,crampin`
0,spamming
1,happy
1,The sight of it made my afternoon
0,sad
1,Bonjour Twitterland !
1,Gorgeous day!
1,s  hope tonight is fun
0,Don`t worry.
0,I really am insane.
0,.it`s expensive!
0,i cant figure it out.
1,sweeet
0,Really missing hockey already.
1,Just try to do your best. I hope you don`t get laid off.
1,WELCOME
1,I especially love b-ball.
1,Its the perfect overcast day.
1,great we
1,I love
0,Never ever
0,dismal
0,canceled
0,miss
1,pretty nice.
0,Dryer labeled electric but is gas   GRRR.  Now we have 2 load it up tomorrow 2 return
1,perfect
1,t   hope it rock
0,"I`m so sad, really really sad"
1,WHOO HOO. Congrats on getting under 200lbs
0,inflammed
0,I miss him.
1,Think of it as enthusiastic.
0,bad
0,", so sad"
0,pissed
1,Everything Will Be Great
1,Great tool
0,"oy, im such a nerd..im writin 2 no1 cuz no1 is followin me  i mean lik sum1 was but their account was deleted due to 'strange activities'"
0,dragged
0,?  not good enough
1,"You cant argue w/them, as they actually have zero things to complain"
0,Stupid
0,They`re mental.
0,rotten
1,TY sweetheart
1,"wow, that`s good"
1,gorgeous
1,Happy Mo
0,headed to the hospital. i can`t take the pain anymore
0,jealous.
1,wisely.
1,it`s cool
1,t?  lovelovelove
1,Enjoy! Family trumps everything
0,Bored out of my mind!  LOL
1,Good
1,awesome!
0,difficult
0,Ugh
1,May the 4th be with you
1,cant wait to see
1,good.
1,thanks for the props
0,", awfully"
1,you`re not annoying.
1,looks nice `though
0,i cant sleep
0,"I`m very upset right now,"
1,woowoo!
0,so sad
0,fail
1,thinking
0,anxiety
1,HAPPY
0,miss
0,copy & paste **** **** tosser piss flap a 10000000000 times !!!
0,hurts
0,not treating me well so far.
1,Well it`s nice to `see` you. Have a great day and tweet again soon
0,tired
1,hope yer ok hunny
1,great
0,missed
0,One problem: it wasn`t me.
0,i don`t think i`d like it
1,it`s the best thing
0,ruined
1,thank you.
0,sorry
1,I don`t want to hurt you
1,ABSOLUTELY AMAZING! and i had a good day at work!  YAY i loved the movie! :0
1,"You make me happy, wh"
0,sucks!
1,productive
1,amazing.
1,perfect timing.
0,I hope u r not disappointed yet
0,m still melting and im in the house in the shade  its not fair.
1,"Thanks,"
0,t kills
0,worst
0,..bein sober jst wnt b as fun!
1,I love you
0,lazy
1,have a safe journey
0,s unfortunately
1,great
0,"ouuuuuuuuuchhhhhhhh, still hurting from the Barca spanking"
0,but I don`t think I can get there
1,awwww..... thought it`d be a 'yummy' experience.  Will try it next time
0,. Apologies to all my supporters.
1,s growing
0,ugh
0,oops
1,s amazing
0,Dang
1,lol
0,", sorry"
1,sounds fun
0,TOO MANY ASSIGNMENTS!
1,Gooood
1,Good morning
1,"cool,"
1,.love 6th graders
1,good night everyone!
1,a.wish
1,would be muchly appreciated
1,Happy
1,yum
0,lost a follower
0,but this little boy still makin me  work during the storm!!!
1,HAPPY B-DAY SHARON
1,to have sweet dreams of you
0,Things aren`t just as easy and simple as they seem to be.
0,s on twitter for the second day running. This is what study leave does to me! If only my car were in one piece
1,thanks 4 all the love n support.
0,"Unfortunately not yet,"
1,play time
1,is satisfied with her FP`09 review
1,Hope
0,hurts..
0,wish I could afford
1,lovel
0,hangover
1,goodnight everyone
1,just trying to make you feel at home?
0,My attempts at writing tonight seem to be failing.
0,Very bad things..
0,die
1,excited
1,HAPPY MOTHER`S DAY
0,Sorry
0,? made me jealous
0,"In pain,, poor me, I HATE THE SUN"
1,LOVED
0,boring
1,Enjoying
0,I can`t  has blocked me.  I can`t even reques
0,frustrated
1,Good night<3
0,****
0,horrible.
1,awesome.
1,good
1,Fab
1,loves
1,super-excited
0,my tv on demad isnt working right and my internet is SUPER slow
0,I AM SLEEEEEPPYYYYYY!!!!!!!!
1,you better come back soon! <3
0,she`s gone   I miss my kay way already
1,YAY! GO TAYLOR SWIFT!! come to australia again!!!
0,Missing nathan and the bccg already.
1,love u
1,looking forward to coffee and driving tomorrow. really
0,walking in the cold **** water
0,i don`t like it
1,cheers
1,Good
1,she has made the rite decision
1,loves
1,bless her!
1,Somebody please save the polar bears!
0,bust.
1,Happ
1,awesome
1,happy mom day 2 me!
1,yuppie
1,hope
0,fail..
0,w she won`t be awesome at all
0,sucks
1,had a great time talkin
0,you suck
1,haha
1,d i`m really excited
0,The case for my iPod Touch is literally falling apart.  So junk
1,best night everr!
1,i love you mooorrreeee
0,I dont care who gets mad. I like speaking my mind. Im alreadt crazy so it helps me not go off da deep edge! **** u!
1,thank you
1,thursday night was amazing ta
0,throat infection
1,thanks
1,hopefull
1,good
0,I cant to sleep an
0,Please accept our apologies for the inconvenience!
0,t boring
0,little sad th
0,"oops just unfollowed everyone!  anywayz, will build my Twitter Empire.... again...."
0,scary
0,feeling the beginnings of a sore throat
0,I **** it.
0,bgt was absolutely excruciating to watch...poor girl.
1,quite all right.
0,"oops,"
0,soo sick. i hate my life
0,I hate wa
1,"oh my god, i finally found someone online!"
1,good
0,ruined
1,o thank
0,suck
0,", I feel bad for everyone in NKorea."
1,Great
1,hope you all enjoy the smoothness on this lovely weekend
1,proud
1,will work on that too
0,"Feeling so rough today,"
1,so much fun!!
1,happy birthday
1,work really hard
1,"Oh great, Radio Disney doesn`t crash with the latest webkit, so my kid can run it again. HEY WAIT."
1,congratulations!
1,Sorry for your loss.  I know how you feel.  She or he was a lucky cat
1,haha
1,Lookin forward to
0,Still soo tired..
0,sucks
0,miss
1,love
1,nice place to
1,Thanks very much!
1,I hope it`s nothing too serious.
0,missing
1,enjoy
0,bored
0,mistake.
0,**** slow
1,d love
1,s almost working.
1,Swords make everyone sexy.
1,Excited
1,great
1,hoping everything is going well
1,I love you WAZ!
0,I`m so down again.
1,likes patricia`s dress
0,chai latte is not good
0,I`m under the dryer.
1,great
1,"I am up to 10,000 tweets"
1,enjoy
1,decorated quite appropriately. I love it
1,goodnight everyone.
0,hyper
1,morrrning. time for school. (: ti
1,Partied long and hard...goodnight Twitter see ya in the mornin
0,bed. with stomach ache
0,my computer is being stupid and wont let me vote  . if i could i would vote for u.
0,miss
0,too bad no
0,m impatient
1,awesome.
0,annoying
0,such a low budget video
0,fam is not appreciating you like they should.
0,is still sick
1,i am with you
1,"you two are hilaaaaarious, I love it."
0,****
1,feels accomplished!!!  She got a lot done today!
1,good sm
1,omgggg!! Hawaii!! That`s amazing!! I wanna live there
1,great time anyways.
1,love
1,"like it anyway,"
1,clean
0,miss
1,HAPPY STAR WARS DAY!!!
1,Good morning
1,Enjoy my li`l night owls!
1,I knew my day was going to well.
0,sore
1,I do this one for fun.
0,jealous
1,love
0,sorry for the late reply
1,work was splendid
0,miss my best friend
0,Sorry
0,so low? No
1,like
1,Well best of luck
1,yeah it does...i had fun today...i regret not taking that cup now...it was awesome...i must find one just like it now
1,yummy!
1,"b likes xbox,"
0,sad
0,up the blues
0,his wife hadn`t held onto the debit card be
0,How is she spoilt? She`s like 10? 11? That was hard for her to be put up in front of 14m people.
1,That`s great news
0,.ughhhh!
1,worth
1,o stoked!
1,i love
1,Can`t wait for  live!
1,er fairly well!
1,Lol @ me and  whispering so we don`t get in trouble and being almost 30! Feels great to be home feeling like kids
1,great!
1,thx
1,Thanks.
1,Nice
0,What killed me was the 150 lb dummy that you can`t drag.
0,I accidentaly slammed my finger in the trunk
0,**** it!
0,****.
0,NOOOOO I hate traffic
0,I miss you too.
0,sorry
0,heartburn
1,ahmazing
0,bummed
1,amaze
1,They say I look yummy
0,.sorry
1,thats much better
1,Love you all!
1,d its not that cold ahahah
1,favourite photo (t
1,i gave u thanx awesome person
1,great day
1,awesome
1,"Awesome,"
1,fun!
1,Happy
1,LOVING
1,yaaaaaay
0,n depressing
0,", i think or very late 2009! its just wrong"
0,miss
1,Good morning!
0,annoyed that everyone seems to tan apart from me! freckles and sunburn
1,proud
0,can`t believe they`re divorcing
0,bad
1,their like celebrities
0,My poor wife.
1,gotta love how im waking home at midnite. dangggg pray for mr. im so jumpy
0,blacklisted by IT here..
1,luvin
1,Great
0,e feeling  Its a little depressing
1,lucky u;-) no park for me  maybe for a short period ... i really have some stuff to be done untill Wed
0,****
1,I`m glad
0,scratchy
0,n i wont be home to co host with you!
1,"Haha,"
1,hopefully
1,like
0,ughhhhhhhhhhhh  :/
1,.you know me to well i love it...soooo me lol
0,", to think their wives are nuts."
0,doesn`t work
0,no fair.
0,Bad
1,better
1,Happy
0,Trying to recover photos after a problem between Windows and my XD card. Result: shots are all half visible  **** Microsoft...
0,"Wish I could listen but because I`m from Canada, the website won`t let me!"
1,hopefuly
0,e not interested
0,hate
1,Happy
0,sorry
1,it was sooooo much fun!!!
1,"mmmm it all sounds tasty. i had some spiced rum earlier, yummmmmyyyy also herbs are always good although better when shared"
0,not google friendly
1,like
0,Hates
1,good
1,lil bit excited
0,feel like ****
0,I need a blackberry
0,annoying
1,fantastic day in the AZ sun
0,scratchy
1,. love them
0,she is waiting very impatiently
1,You`re very welcome
1,thanks
1,nice capture
1,thx to
1,"thanx,"
0,but no luck  I think i`m sick.
0,damp
1,cool
0,Failed on first day.  Twic
1,Good morning tweeps!
0,"Oh, geez. I`m hungry."
1,great
0,I feel bad for you
1,good
1,"Instead, I got a Perfection!"
1,I find this tune to be very sexy.
1,thanx
1,"'suprised' mom with a cake and a present,"
1,Thanks to all the people
0,it`s killing me.
0,.scary!
1,sorted
0,"really sucks,"
0,miss
0,**** shame
1,Happy
0,watched a small girl cry and it`s sad
0,Oh No!
1,d I was happy to hear you voice  You`ve really started something Good!
0,.. I gave up on it
1,ooh good
0,harrassment.
0,BADLY!!
0,Wow  That had to be difficult
0,i think that studying has really started taking its toll..
0,uncomfortable
0,Missing my baby ducks
0,hate
0,k hurts
1,excited
0,I`m stayin til 630
0,doesn`t like us happy
0,migraine!
1,Hopefully I will move here soon
1,Perfection  got 7 pages done
1,i seriously neeed to study
1,Wish
1,Feeling good about our win! Its nice being softball champs  bring on the season!
1,Good morning!
1,fun
1,She`s almost all grown up!
0,angry
1,love
1,love you cassie..
1,good luck!!! going vegan is intense!!! good move though.
0,miss
1,love
1,enjoying
1,fun
0,they`ll tame you!
1,love
1,.  What a crazy summer it`s going to
0,my three most hated words are 'see you monday'
1,hope
0,sad
0,I am in so much pain I really don`t feel too good. Couldn`t eat my dinner
1,You`re right.
0,People are cruel sometime
0,Sick
1,Yay!
0,headache..
1,awe...Thank you Jon!
1,I`d Love
0,That sucks about your prints. Sorry
0,Weather sucks!!...
0,work soonnnnnn  it`s looking rly dead today...
1,Today is my first Mothers Day with my little boy. Hope you`re having a beautiful Mothers Day too
0,so upset
1,Happy morning Sunshine
1,Wow!
0,miss
0,I`m  going to miss seeing you like everyday
0,is kinda freaking me out ri
0,"I miss you too,"
1,Lebron maybe the MVP this year ... but I like the Lakers to win the NBA Title
0,"It is a sad, lonely profession."
1,congrats!
1,Cherry Italian Ice is my fave.
1,very cute kitty
0,no fair.
1,beautiful!
1,i`m goooooddd!
0,**** distraaaaacting
1,has been good fo
0,that doesn`t sound too great
0,iPhone keypad sucks
1,Feeling pretty good
0,Tummy hurts
1,k thanks
1,aww that`s cute
1,.your really kickin` Carey`s butt with this competition!
1,"oh dear, hope you are feeling better soon, get some nice hot chicken soup down you."
1,"to be blessed, oh and for wisdom"
1,wonderful name
0,Another Lake Park kid is going to Tulane. I`m not unique anymore
0,", sorry I cant be there tonight"
0,"Im not getting any treatments,"
1,love
1,Good
0,again your fault  i didnt make u leave
0,sorry
0,expensive!
0,I`m really disappointed; I had pretty high hopes for this one.
0,scared
0,upset..
1,Good thing
1,I love all my friends      and drew were fun toni
0,i am being ignored! not a good day
0,That is annoying. What gear is it? I`ll take it off your hands
0,stupid ladder y did you have to collapse and make me fall on my back/bum???
0,I miss you R.....
0,they were all ugly
1,.hope
1,thanks
1,"just saw ghosts of girlfriends past with my bf, that movie was so predictable but so funny! i loved it"
1,y rock
1,"thanks  and ill cross my fingers for you, that the rain will stop"
0,can`t sleep
1,good morning
0,problem
0,damage..
1,happy mother`s day
1,hilarious!
0,Ugh soooo much work to
1,s good
0,fuuuuuuck  idk if andy can get youuuu
0,doesnt look good  we have to go burn some lampions
0,hurts.
1,blogging..it`s my new passion
1,t LOL. You are ok!
0,i had a dream that u didn`t like me
1,make sure you practice your hooping today!
0,"Ugh, still sick. This Calgary cold has lasted forever."
1,m happy
0,.I`m very ashamed.
1,smells guuud.
0,o shabby
1,Awww
1,the be
1,"Lol, me too!!"
1,thanks
1,sincerely hopes that  gets better soon.
1,Good nite
0,I have uncontrolable
0,sorry
1,lot of fans
1,greaaaaat
1,always brightens
1,Happy imma get to see some lovely ladies
0,harrassed me and tried to break in my house!!
1,thnx
0,Not feelin right.
0,"I can`t seem to find it,"
0,Bad times for everyone  Whywhywhy do we have to write essays  No fair
1,e important
0,sick
1,"id love to meet you, you`re my favourite comedian"
1,happy mothers` day to all your moms!
1,#NAME?
0,im so jealous icant do
0,I just can`t stand
1,HAPPY
1,wow the weather is amazing today!
1,"! I like the beach,"
1,bahah that would be really funny she would be really cut haha
0,mad
1,i lurveeeeee you
0,rejected
1,so cut
1,awesome
0,I`ll miss my tweeps
1,proudly
0,! I can`t STAND that I cannot be there this summer!
0,today the sun is not here!
1,it`s a good mix
0,not as good
1,awesome
1,lol. thanks babe!
0,This weather is awful!
1,Good
0,and_jay hi!  **** your job!
1,yaaayyy ...
0,A isn`t cooperating
1,appreciate
0,****
0,Learned a lesson the hard way.
0,sorry
0,Tough week for both of us and neither is really up for it. Plus our neighbor died
1,i love youuuuu
0,"Cant believe Venus lost. A real shame. Smh. I think im getting sick  Had such a **** week, doesnt look like the wknd is gona be better!"
1,yum
0,I really missed this
0,"Sorry about the weather, hopefully you`re not in the 2-3 hour wx delays here in BWI"
1,Supernatural was good as  Loved it.
0,"Sorry, that was a bit negative!"
1,haha  cute. ps thanks
0,unpleasant
0,tough
0,hurting
1,Sounds like yummy fun!
1,awesome
1,I love you anyway!!!
0,i don`t know what to do..
1,good
0,"See? Sucked you right in.  The only problem will be church/Sunday race conflicts, but that`s why God gave us"
1,thanks so much for the discount code.
1,enjoying
0,I feel actual heartbreak..
1,cool looking sexy
0,But Jeff will have a hard time from 42nd
1,great
1,..impressive
0,Absolutely I have been sick .. I want to go home
1,. you were correct
1,my laundry. lol.
0,not good
0,Sorry
0,SUCKs
1,"I know this is a good thing, but would be better if it happened when I was asleep"
0,I don`t wanna go
1,best
0,jealous!
0,Basically doubled my time.
1,"Congratuations, Sweetie."
1,"Hey, thanks for the follow, wow this is exciting a new tweet."
0,New picture isn`t working
0,hungry.
1,ish Go
1,! that looks incredible!!!
0,hate twitter
0,horrible.
1,congrats
1,help
1,Looking forward
1,Looking good daddio!
1,"I`m good thanks! Did you have a good drive? Careful with your blackberry,"
0,"I`m up. getting ready for skill. can`t wait to fail my bio final yay! ugh, honor classes suckkkk.  ):"
0,sorry
0,I miss
0,saddens
1,I wish I could spend my last weekend as a high school student in burbank with everyone and not fly off to dc
1,"thanks for adding me, glad to have you"
0,Ugghhh
1,"Hahahah,"
0,not so fun
1,Good luck whit the show
0,hate
0,jealous*
0,hard
0,feel bad ov
1,Good Morning
0,weak
0,Sorry
1,a goo
1,fun
1,Happy
1,its so pretty with the reflecting sunlight on
0,"wow, 5 pm rolled around really fast."
0,useless
0,Worst day ever.
1,Loved
1,Love
0,****
1,hopefully
1,baby I`m in maryland I`m NOT gonna make it  BUT I will see ur sexy **** next sat in camden VIP....come early n hang!!!!!
0,tight this year
1,i won`t make u cry
1,I SO don`t want to get sick
1,will maybe have my cell phone soon ! Yeah !
1,fave
0,****
0,I`m soo jealous right now!!
0,missing my bffls! missing my friday night dates!
1,a good
1,i`m hoping they turned up.
1,how cool will that be  she is so nice!!
1,g...I love the classics!
0,*Wabble Wabble*
1,wish me luck
1,likes
1,GREAT FUN
1,I wish
1,Sounds great.
1,I wish you luck though...
1,awwww bless her
1,YUM!
1,lovely tweeters
1,awesome
0,. Not cool.
1,Thank you!
0,tired!
0,poo
0,I`m not feeling very inspired today..
1,Happy Mothers Day to all the mommy`s out there!
0,"i get less ideas every day, and every day"
1,haha i love both of them
1,Happy
1,You are too kind!
1,good tip.
1,loved
0,working sucks bi
1,God Bless
0,Upset
1,wish
0,that`s sad  what kind of mess are you getting into this weekend?
0,complicated?
0,bored!
0,t sucks
1,Happy
1,thanks for your follow
0,fell on the sidewalk in harvard square.  stupid cobblestones!  now my hand hurts
1,aw honey.
1,awesome.
0,either my inerne is **** or my mind is but i`m pretty sure that it`s the internet
0,sad th
0,d missed everythin
0,is sad
1,awesome
0,banging
0,envy
0,cats are gone.
0,I`m gonna miss him!!
0,sick
0,spoiled
0,"Insomnia at its finest. Go to bed at 11:30, fully awake at 2. Grrr."
0,worst
0,sorry
1,chillin
0,"don`t think that went well,"
0,sidekick
1,glad
0,sorry
1,love
0,man that sucks.
1,thanks
1,I am soo happy!
1,Not a problem
1,uld motiva
1,perfection
0,I`m really nervous ab
1,i`m just chilling
1,THANKS!
0,need to focus on kid`s packing but cant
1,hoping
0,that sucks mama
1,incredible.
1,Happy Birthday to my ****
0,sadly.
0,hurts
1,t? I`d love
0,sad
0,bugs
1,...Thank you Mr. President!.
1,"Things good over here. Lovely weather,"
1,amazing!
1,happy
0,hate
1,Which is awesome.
1,best
1,haha
0,My stomach effing hurts. Sadly there`ll be no gym class this afternoon
0,sadly ..
1,happy
0,**** school!
0,dead
0,m crying
0,going bad
0,feeling like poo today
0,I wish I had company
0,My Power was cut off
0,boo
0,It was going to happen one day but I so feel for the girl AND her mum
0,Stupid idiot who ran a stop sing and almost killed me and my car!
0,y regretting
1,hope
1,Good
0,bored..
1,expected
0,miss
1,Hilarious
1,What a genius.
1,good to know
0,nursing my scratches and bumps from Festivus mud wrestling. I swear there`s still dirt in my hair but a good time was had by all
1,d tell you love you 2 oxoxoteambreezy
1,Soooo happy your back!
1,mayb this will help u fix it
0,missing
1,"Because pop culture is beautiful. Also, you can`t pull weeds wrong. I promise. You can practice on my yard if you are nervous"
1,a very Happy Mother`s Day!!
0,Cried
1,great party alenka!!  happy birthday chicky!
0,my head aches badly
1,lol.
1,fan too
0,connection errors a plenty.
0,"sorry guys,"
1,Just got my heart ripped out  i love you guys
0,"actually darn,"
1,Thanks for the song! Youï¿½re awesome.
1,excited
0,wtf happened?
1,good
1,! Please
0,worst
0,sorry
1,getting shows can be an interesting process.
1,I`m glad to see
0,Sad
1,? did ya have fun? love ya girly!
1,Thanks
1,i love cobra starship!!  thanks for the suggestion!
0,**** it
0,o bad
0,nervous
1,"I agree, keep it in Star Trek but make it commercially viable! C`mon!"
1,enjoy
1,great
0,no one told me the mutual admiration society was meeting
1,such a classic
0,my stomach actually hurts.
0,is feeling really sick
1,Hopefully
1,Would love to
0,no window seat
1,Happy Star Wars Day! May the 4th be with you
0,I`m a lil sad
0,hasn`t recovered-n
0,want to charge way too much extra for it
0,bad
0,soooo jelous of you
1,Thank you
1,Just a Chillin.
0,stuck
0,I`ve run out of texts!
1,celebrating
1,beautiful weather.
0,stressful
1,", sounds even enough to me"
1,that would be great!!!
1,Woohoo! Well Done!
0,Wishin I didn`t have to work
1,Chillaxing
0,missing
0,Sick..
1,better
1,calms me down.
0,t don`t understand
1,would be amazing
0,They cancel flights and don`t have a lot of backup planes. And no first class
1,happy
1,Finally
0,saddest
0,hard to say goodbye
0,Stupid COMM class
1,like
1,hoping i didn`t fail english. that would just be sad
0,miss
0,No luck for PC gamers
0,im so sick
1,"Talented,"
0,a second chance shudnt have. mowgli didnt. gutted
1,be usefu
1,Thanks to all who follow me  ... wish ya`ll the best ;)
1,Thank you
1,Beautiful
1,"yum, yum."
0,I`m sick
0,cut myself
0,freaking out
0,"spray tan = fail on legs and feet. I`ve been scrubbing them and feet look better, but they looked awful this morning  Everywhere else = ok"
0,i`m pretty scared.
0,stopped
1,you awesome lady you!
1,thankfully
0,Apparently not.
0,missed
1,fun
1,nice showers...
1,funny
0,she`s probably worried  srry hun
1,Thank u
1,. I want all the soldiers to come home so we don`t have to hear about anymore being killed.
1,good weekend
1,an interesting guy
1,my fav host ever!
0,that doesnt look very promising
1,Happy star wars day everyone
1,welcome.
0,so sad ab
1,Enjoy...wish I was there! Nice day in Springfield today
0,oh no!  i`m sorry
1,"good,"
0,couldn`t participate
1,it`s awesome.
0,but cant get home
1,love
1,Thanxs
1,Funny
1,Happy
0,kick me
0,sad
0,i haven`t really been happy
0,system is DEAD!!
0,fail
0,sad
0,miss
0,sunburnt
0,So jealous.
0,FRUSTRATING!!
0,bruised.
1,thanks
0,i got grounded
0,i see i gets the no love   whats up with that
0,miss
0,sad.
1,s truly enlightening
1,"thanks,"
1,h lovely
0,im sick.
0,? It is very sad
0,t sucks
0,bored
1,hope
0,shakalohana week two of flat wavez no surfin
1,My best Tip.
1,excited
0,bored
0,sadly
0,driving me nuts..
0,depressed
0,Twitter is slowing me down today.
1,interested
1,cool
1,rocks my socks
1,loved
0,careless
0,aww
1,Happy Birthday Chip`s sister
1,whew finally got in to RC..
0,this is sounding like the worst lurgy ever - the one that just won`t go away ..  ...are you ready for end-of-rope action yet??
1,i feel fine!! An
0,headache
1,nice angle though...
1,Happy Star Wars
1,interesting
1,Great
1,"cool,"
0,i HATE it
1,do it and I`ll give you the first hug
0,bored
0,ugly
1,that`s really quite nice
1,"Hope you`re well, sister"
1,thanks! You`re the first one to wish me a happy mother`s day
1,liked
0,tired as hell!!!! be
1,love
1,Love your website!
1,excited
1,may the 4th be with you
0,which i offiacial suck at
0,Ugh!
1,t I`m happy  ... YAY
0,bad choice
1,awesome!
0,i m totally confused and bored..
0,problem.
1,It be pretty good
0,miss
1,interested
1,excited!
1,memorize
1,"s  i agree it`s very important,"
0,Fail.
0,Bored and lonely at work
0,afraid
1,s fun
0,miss
0,_Hall Is that why you aint answer my call? Thought we were homies!?
0,tired as ****.
1,Wonderful
1,Good to have both
0,nervous
0,hurt
1,"She`s an amazing mum,"
0,She did well and only checked her phone 80 times
1,dream
0,not doing relay  oh well.
0,Is it possible to a have phobia of phobias? Afraid to look at list.
0,dead bird
1,earned me
1,Goodnight
1,cool  that`s good.
0,Poor
1,OUTSTANDING!
0,t I can`t write fast enough
0,it`s so not TGIF for me!!
1,Happy Mothers Day to all the mom`s around  Hope you have a wonderful day!
0,sry
1,valiantly!
1,hope`s
0,Sadly not
0,loner
0,jealous
0,e never speaks to me
0,i`m so tired
1,Bliss
0,i have sore throat. that`s suck.
1,exciting
0,s miserable
1,back to my interesting emails...
1,First Day at the new job! Yeah!
0,miss you guys.
1,Happy Mothers Day to all your moms!
1,appreciated
1,Happy
1,look' way
0,"with my illness comes the joys of multiple mouth ulcers,"
1,love
1,interested
1,Cheers *lifts coffee cup* here here for Mondays
1,excited!
1,Happy Mother`s Day!
1,Great
1,good
1,Hope
0,missed th
1,easier
0,not a fan
1,doing well.
1,thank you
0,worse
1,oh wow THANKS Wayne
1,HAPPY MOTHERS DAY
0,"Iï¿½m so tired,had a bad day"
0,: to triste
0,ScREW
0,Visiting family in hospital = not fun
0,i have no motivation
1,Thanks.
1,good things
1,thanks
0,nauseas.
0,not so good mood..
0,lost
0,At work sick
0,I wanna go see the cab really bad.
1,a brave
0,"Unfortunately,"
0,", i have a really sore knee cant walk"
0,missed
1,"lucky you,"
0,bored.
0,This song is a slap on you face!!  ? http://blip.fm/~5jib6
0,it doesnt match up
0,that sucks!
1,good
1,i am proud of myself an
1,I love
0,missing my hobo/*
0,pain
0,ly sa
0,_lord Can`t we just all get along?
1,Happy Mother`s Day to all you tweeting mothers
0,far
1,excited
0,. I don`t like the indentation
1,I just love when all my little brothers friends come over
1,Nice Photoshop Effects
1,better
1,wish me luck!! no a great effort!!
1,Happy
0,i would die if they played Pushit.
0,sad
1,"goodnight loveee,"
0,it made me sad
1,Good
0,AHHHH! Cant find anything because I have way too much open
1,good
0,booo..
1,Enjoying
0,My computer is being killed by a combo of mirrors edge and really poor win7 thermal management...75c gpu = one sad game
1,Very succesful
1,goodmorning/
1,Slovakian country side is a refreshing change co
0,hate
1,we enjoye
0,It is driving me completely insane.
1,Nice!
1,! Can`t wait!
1,Lunching at favorite local
0,slammed
0,I`ve seriously had enough
1,oh cool
0,feelin ill.
0,Gonna miss my gurl
1,amazing.
0,****..
1,wants to greet all the moms a Happy Mother`s Day!!
1,e..especially for the love of conversation
1,heheï¿½I bet you have never looked back!  3 weeks is a long school trip!
1,swimming and tanning was heaven!
0,bored.
1,amazing
0,slower
1,Wow.  I hope he gets bette
1,"moms, bride & I rockin` the reception"
0,And the 10 free minute button didn`t work.
1,yumm!
0,.  he`s in bed sick. Heavy fever. Went to dr`s. Part of the reason i`m watching Aladdin 2 now and still haven`t been fed
0,HORRIBLE
1,about to do a nice monday roast
1,God Ble
0,im soooo loney
1,hoping
1,good
1,excited
0,just sick of stupid guys
1,d enjoy
0,is saddened by Husker Access...no internet!
0,****!
0,Kinda pissed really wanted to
0,jealous-
0,sickkkkk.
1,Happy
1,Thanks a lot! You`re very kind!  I just got back from a nice drive in the 500. Such a fun car to drive  Have a nice day
0,giant wet stinky **** on me
0,**** up your nose!
1,Wishes
0,is killing me
1,ily
1,best
0,way to many chocolate animal crackers
0,don`t know  and no not at all
0,"sooo sad,"
1,whooo hoooo
1,thanks
1,You too sweetie
0,sick
0,sick
1,i wanna join
0,heartbroken
0,If only I had a job...
1,Yay!
1,love
1,.HAPPY MOTHERS DAY
1,enjoy!
0,o sorry!
0,&its breakin my heart;
1,was hot!
1,e fun
1,doesn`t hurt anymore
1,"god bless, and have a great day!"
0,I think the x3 is confusing
1,"Thanks,"
0,I`m so unhappy being here. I hate it.
0,kaput.
0,seriously im sooooo tired dont know if i`ll survive the 8 hour shift
0,I wish I didn`t feel like ****.
0,sad
0,my stomach hurts
0,how come you cant stay
1,It would be nice
1,"But I luv r little chats J, dont leave me"
1,I hope
1,thanks  hopin
1,i love the music video of you belong with me by taylor
0,cold
0,ng dirt
1,seems appropriate
1,cool
1,. FX are nice. I like Windows 7 1000x better than Vista so far. To me Vista is Win ME reborn
1,Hopefully
1,good taste
0,so tired..
0,don`t worry
1,great!
1,e best screen name
0,sad?
1,excited
1,happy
1,help
0,dead
1,dont cry for me!
1,One of my favorite combonations
1,d meditate
0,nowhere near as effective as it was a
0,isn`t good
0,sadly
0,cant sleep  ....
0,I can`t direct message
0,Sorry about that.
0,bordom.
0,very bad
1,Have A great Mothers Day!
0,being blown off
0,i hate that limit.
0,Gutted!
1,great
1,salute al
1,thanks joeman!
1,Interesting choice.
1,haha.
0,weather sucks
0,**** sucked
1,thanks so much! we love fanmail  talk to us anytime
1,ilove
0,Awe
1,enjoy your day
0,Bored...
0,my hair hurts
1,goodluck
0,pisssing me offf. Ugh
1,seen loads of new photos and stuff of new moon and cant wait  lol (L) Taylor lautner lol   takes his shirt off 3 times yu
0,overheating
1,she`s so young and cute and really funny! i miss this britney
0,miss
1,Hope
1,d great
1,intelligence
1,t fortunately
1,Loved
1,. im learning my quotess
1,i love him
1,new beginning
1,Sounds like fun  LoL.
0,f pain
0,hate
0,Now I feel sick.
1,nice new profile picture! Glad to see some friends in there
0,Addicted
0,Sorry
0,u so i`m sorry if you hate it
0,. its no fun
0,I hate that meself
1,GOODNiGHT...HAPPY MOTHERS DAY TO ALL THE MAMi`S ON TWiTTER
1,well.
1,Looking Forward
0,**** EM
1,"i miss you too; i need to talk to you, i keep screwing up ..  lovee u !"
1,cool!
0,looks like ****
0,Not as easy as
1,imo
1,Im so excited. We cant go earlierrr than the afternoon?  I love you tooz
1,Good times.
1,Best two years ever
1,Good luck
1,"haha well, kinda! I`m Mommy to my lil` pom-chi  hehe  thank you!"
1,"Cool,"
0,failed
0,not enough to rest.
1,lol
1,goodnight birdies LOL
1,good.
1,happy
1,Awesome
0,miserable
0,little boy started crying  I wanted to cry too...I hate storms!
1,That`s probably a pretty good note
0,cant find my hoodie
1,better
1,happy birthday
0,u didnt write me back
0,miss
1,nice
0,seriously getting hurt...
0,heated.
0,weak..
0,i misss youhhhhhhh
0,no one calls me anymore
0,suck..
0,Definitely not having any fun this weekend
1,Wow n
0,tough life
0,still in love with loser who left me
1,d haha cool
1,handsome
1,"had a great shot yesterday, editing pics now"
1,but worth following re
1,Love
0,its sucks that all diners aren`t 24hrs here anymore
1,beautiful lady
0,"Gosh, no need to be so rude."
1,Hahaha
0,pooooor
0,Poor
0,white shoes make me cringe
1,"I meant you are not lazy, your work proves it"
1,i will have my life back.
1,bestie
0,sad
0,Desperation!!!
1,Goodnight
1,loving
0,That sucks
1,thank you!
1,great
1,coooolest
0,miss
1,fun
1,"awesome,"
0,hated
0,Yukky  Rainy Friday
1,Prayin
1,s interessanter
1,hope
1,thanks
0,"t, I am stuck in"
1,a good shadow + realistic tonsils.
0,hate the wait
1,wish me luck
1,loved it!
0,miss
1,HAPPY
1,Love
0,sucks
1,hope
0,feel
1,hotness personified
1,o cutee
1,pretty
0,Urgh
1,Good morning Tweepsland! Makin` it a great Monday!
0,sad.
1,better.
1,awesome
1,lol
1,beckett Thanks
1,good
0,w it was that serious.  Well that sucks.
1,Relaxing
0,K ??? What??? No way!!!! No
0,sitting around doing **** all....tired
0,te a fake competetion
1,Man with a kickin` to
1,awesome
1,but got the job done
1,loving my new tv
0,sad..
0,I can just feel my MPG going in the toilet.
1,i`m not being mean
0,Has no idea wtf
0,"wow, honestly not surprising, every time they try to push that guy he gets injured"
0,sad
0,my teeth and head hurts
1,sweet
1,..hope u feel better!
1,Good
0,how I wish my parents put me into a Chinese school when I was younger.
1,nice
1,Thank god
1,Get well soon.
1,that that`s a great present for ALL mommie
1,LoL! there u go..that`s the spirit haha
1,bettering
1,beautiful
1,"pleasure,"
1,- LAUREN is AMAZING....well from what I see on the hills lol  Seem like a great friend to have!!
0,i miss ya!
1,That`s a great idea
1,happy
1,(lol)
1,i loveeee him
1,Lovely
0,This day will pass slowly.  All of these days will.  RAWR!!!!  ...
0,idiots
1,Happy
1,thanks
1,Favorite
1,It`s a really warm day in Seattle!
0,just a little too far
1,e amazing
1,Good
1,You`re an amazning actress
1,I`d love
0,Let-Down
1,cant **** wait mate!!! it is goin to fantastic.
1,Goooooodmorning
1,great photoshoot
1,Love
1,Thank yo
1,I Loveeeee Youu!
0,"Unfortunately,"
0,expensive.
0,oh em i`m sorry  i wuv you to pieces
1,`s just too fancy
1,thank
0,won`t be ready til 5.
0,I`d just plain go crazy
1,awesome
1,impressed!!
0,painful
0,can`t wear
1,Where DO you get all those wonderful toys?
0,what a waste of lives
0,im not happy
1,glad
1,w. *hugs*
1,greeeeeeeeeeeat
1,"Good luck in your first day, Ju!"
0,sick
0,wishes the rain would stop so my stupid headache would go away!
1,Happy
0,Been working lots of overtime this week. Only just realized I booked a half day tomorrow so this week will just break even
1,Looks like Anna and Josie are getting a new cousin today!!  (And this one is a girl!)
0,is tired an
0,annoying
1,Happy Mother`s Daaay!!
1,Love
0,missing
0,sorry
0,depressed
0,stupid wireless wont work
1,(Good
1,cool
0,hate
0,scary
1,it was good.
1,hoping
1,"happy,"
0,it hurts that pets cant talk back to us. What if they are in pain. Ho
1,"so after church, i went to the mall with my parents, i got a new backpack that can fit all my schoolbooks AND my laptop"
0,down
0,so cold
1,loved
1,nice
1,! it was amazing.
1,Loved
0,don`t understand
0,I`m SUPER tired
1,HAPPY MOTHERS DAY!
1,lovey
1,No problem!
1,it`s Blockbuster week in New Zealand -
1,NICE
0,I do believe my camera phone is stuffed. Stupid blurryness
1,blogtv was fun! can`t wait til next time
0,A lot of work and not enough help
1,smells delicious
0,"Well there`s you, another Twiiter person...erm...difficult to say really...   Let`s just say that you could fit all into a minibus"
0,tired.
0,epic fail with the chocolate fountain that got CLOGGED
1,I just wanna be better already
1,fun
1,Life is sweet..
1,enjoy
0,i`m very sorry
1,glad
0,Has a headache
0,on my way to school of my last friday of high school ever!  and i don`t even get to see holly Gabbie and hannah
0,i cant get through
0,I wish I could sleep but I got to attend to an important meeting
1,Won
1,fav movies
1,safe
1,Had a great weekend
0,what the hell
1,nice.
1,Yay I`m getting the IPhone in August!!
1,"awe I am sorry, probably true."
1,: Happy
1,good
0,alone
0,I thought it was boring.
0,badly.
1,"Yeah, they`re great."
1,Thanks
0,chaos
0,I`m so mad
0,Misses the good old days!
0,Unfortunately
1,"slept really well,"
1,wish
1,Haha ! Go Martin ! His fixed our Ski like a million times ...
0,not fair!
0,. Careless
1,nice one
0,hate it
1,thanks
0,hey you ****!! that`s kinda mean dont yu think?!
0,blind faith.
0,How inconsiderate!
0,I can`t take it
0,can`t believe it
1,has got a degree in BS.
1,thanks!!!
1,concur
0,not feeling well.
0,confused
0,sad sad
1,a wonderful time!
1,Nothing like home-made paranthas for breakfast
1,I meant awesome Christian artists.
1,love that birdy nest!
0,missing  lol. plaid bud. haha. **** i can`t do the BG right.
1,happy Mothers day
0,NOT helpful.
1,g`night
0,no one to do it
0,Sorry to anyone
1,my fav movie..
1,Hope
1,he was really nice
0,Boooooooo
1,very exited!
0,fucken tired as ****
1,Thank a Chu?
1,fun.
0,"sometimes i wish i were a man, i could pee were i stand, and scratch my chest, but instead? here lies a breast  hah"
0,Thats actually not that fun as you would think.
1,Good Morning
0,Feel like death  evil headache
0,ache!!
1,wish
0,I feel lost...  I keep running (in my head) from staring faces.. haha. basically:Headache & eyes hurt
1,much appreciated
1,I love that Joan Rivers says it`s Family First.
1,Love you mom
1,hope
1,hope
0,bad.
0,****
0,I have trouble updating!!!
0,Why did sound input for my computer stop working?  It`s not the mic or jack (USB webcam mic doesn`t work either) Checked input controls.
1,heheh ....qualifying was pretty exciting tho
0,I`m so sorry
0,..overdue
0,I don`t see how there could possibly be another choice.
0,My face an my arms. Tragic. Seriously.
0,"sob, cry"
1,My goodness! I go single and **** goes crazy! Haha. **** this. I like being single too much. I do what I want...holla!
0,i have poop on my shirt and a insanely cracked screen on my iphone. daaaang.
1,Awesome.
1,fine
1,yes! it definitely paid off ... thanks 4 the advice
0,i miss
0,I mis
1,ss for another good movie  Also thanks to my movie buddies
1,"cracking night last night,"
1,had the best weekend EVER
1,Glad to be home
0,this is a horrible day.
1,Awesome!
1,Fabulous
1,greatly appreciate
0,Too bad
1,nice to know
1,love
0,sorry
0,sucks..
1,thanks!
1,Happy
1,respect
0,Laying in the bed boreddddd
0,**** boring.
0,big sad old loser
1,Good Luck!!!
1,d love
1,Marvelous
0,Both she and it are crushed!
1,i`m so exicted
1,I hope
1,i love
1,Cant wait to do some of those things
0,"gutted,"
0,sick
0,don`t like
1,good
0,I totally forgot
1,good morning!
0,Ugh I can`t breathe
1,YAY!!
1,happy!
0,what`s worse...
0,I feel really bad
0,****
0,Frustrated
1,much prefer
0,I`m stuck with BOO!!!! Jeeeez shoot me now
1,Works like a charm
0,endometriosis.
0,'I`m giving up on you. I don`t care how you mess up your life now.'
1,Needs a yummy breakfast
1,Happy Mothers day to all the grown n happy & the lil prego smuts lol Just Playing everyone is loved.. happy Mothers Day & God Bless
1,LOVE IT! U have a great job!!
0,Ooops! Sorry
0,"I hate screaming children!! I guess I hate screaming children besides my own, now."
0,"i`m devastated,"
0,wiff
0,"Not feeling too good at ALL,"
1,Hahaha!
0,Ugh!
0,so boring here.
1,they are very cute
1,amazing
1,Happy Mothers Day.
0,I have a right to be sad
0,boring
1,Thanks.
1,love
1,apparently!  Haven`t tried the site tho. Maybe will get better results.
0,noooo!
1,c made me smile today
1,"I would Never break the law!! No, never."
1,"But you`ll get it right,"
1,what a wonderful day..
1,hopefully
0,"it gets hurt everyone is in pain,"
1,best
1,happy
0,I am not doing much  all well!
0,boring
0,broken!!
1,pleasantly
0,My teratoma has a cavity and is experiencing male-pattern baldness
0,LUCY IS HATING ON MY GWEG!
0,BAD
0,just found out that my husband`s grandma fell down the stairs & is at the hospital with several broken bones...praying hard!
0,weird?
0,****
0,This is not my day
1,FUN!
0,NO fun
0,Boring?
1,a I like that.
0,. Too bad!
0,r inability
0,"Yep, exactly   And I`m really sad about this tour...I know I`m gonna cry at my last M&G..."
0,forget something this morning?
1,it is an awesome time
1,hahahahahahahaa
1,all warm.
1,as hopin
1,"this is funny,"
1,soooooo good..
1,4  i feel like a complete too
1,e fantastic
1,best!
0,(he`s probably not though ;)
1,happiest
0,DISAPPOINTED!
1,watching because i said so! happy mothers day!
0,tired
1,goo
0,fail.
0,'    You poor bugg
1,so fun!
0,sad
1,fun!
1,G`night Twitterverse! Thanks for keeping me entertained!!
0,miss
1,care
1,I wish
1,Yummy.
0,no where to go...
0,i really should be studying. I`ll start soon :[
0,bored
0,?  I miss yo
1,It`s raining that fine rain!!!
0,Why the hell did I leave Kilkenny!?
0,! dummyhead.
1,awesome
1,Think this`ll be a good place for my rants
1,proud
1,"brazil LOOOOOOOOVES you,"
1,_it_good
1,"Chillin with the rents, and looking at hilarious old photos. Well funny!"
0,annoyed cos this weekend`s going to be hot. I`m bloody working
1,WE LOVE YOU TOO!!
1,Glad
0,t the sad thing is
0,OUCH! my earphones just shocked me
0,.I`m very out of shape
0,se none of my friends liking
0,e discriminating
1,love
0,sad
0,i miss you too
1,Nice find
1,an incredibly great day.  hahaha!
1,awww thank you
0,roughnight
1,excited
1,i love it wh
1,i will.
1,i loved it!! you`re amazing
1,excellent idea!
1,appreciate their wives
1,Hope so
0,i tried calling work 5 times and they wont answer
0,"I`m tired, exhausted and dissapointed"
1,best Ja
1,Wants somebody to cheer her up
1,wonderful
0,"kick her ****,"
1,Aww thanks!
1,nice!
0,Brain just went blank
0,getting **** up
0,Not good!
1,it depress
0,this time i lost my wallet
1,thanks
1,just making sure!
0,down
1,cooler
1,happy
0,hate
1,great!
0,****
0,"pretty bored, but I refuse to study."
1,cute th
0,sad
0,"Unfortunately,"
1,lovely
0,forgot
0,.i think i picked a bad wknd
1,amazing right now.
0,stuck
0,m always offtopic and sometimes inappropriate
1,yum!
1,I cried like a baby when we had to put our cat down 2 years ago...  For tears of happiness watch th
0,hates
1,excited
0,sunburn
1,"I be ok, you?"
1,you guys look so nice
1,Goodnight
0,"thanks! Ugh...what a bad, bad day I`ve had."
1,loveeeee her
1,better
1,welcome home babe!
0,exhausted
1,will love!
0,it`s not going well
1,much love to ya!
0,"Wkds are the worst, feel like a hostage."
1,healthy
0,I miss
1,she`s my hero and rocks my socks
1,i feel somewhat accomplished
0,that never made it to the UK
1,"wow!  Nice roar, I see good things in your future"
0,I don`t feel so good.
1,I really love this picture!
1,Last night was awesome!
0,ACHE!!
1,good.
1,! I guess it`s worth the wait!
1,Great!
1,funny
1,LOL.
0,omfg  whyyyyyy not that sucks!!
1,aww  i hope u find it soon i miss it.
0,b I missed it.
1,interesting
0,miss
0,my boss won`t let me leave either
0,darn
0,i guess im stuck with this uglyonee
0,", dammit"
0,Sorrry
1,good
0,o stop making fun of me!
1,It would be amazing
1,Good morning Tweeple of the sun! What you all up to?
1,"great,"
0,tired
0,*pokes and runs away*
1,e best picturisation ever
1,simply awesome Ra
0,iTunes music library is even bipolar!
1,"dude, I can safely say I was blown away when I heard Attics."
0,annoyed
0,y didn`t want to
1,!Thank you so much for being so kind?
1,you both have so beatiful eyes
1,fun..
1,"i think it`s fun,"
1,happy star wars day.
0,****
1,YAY!I
1,love
0,<--has no internet for the weekend
1,love
1,good
1,thanks.
0,****
0,Duhhhhhh.
0,R.I.P.?
0,3am i still cant sleep
0,crappy
1,I`m all done with my work
1,lol
0,been sick
1,good!
0,i miss you
0,i kno she`s disappointed in me.
1,d happy mother`s day!
0,spat
1,wonderful
0,completely dumb
0,d I`ll never get what i want
1,. Happy
1,Britains got Talent just gets better every week
1,.awesome
1,"I`m sure all will fine and dandy, thanks"
1,It`s beautiful outside.
0,Aww
1,thankyooooou
0,not impressed
0,"I miss my doggy,my hammy,my turtle && my fishes"
1,this is so exciting!
1,an amazing song
0,"Good god, no."
1,Have a great summe
0,miss
0,"just not happening,"
0,"got in a fist fight with a old biker guy.......and how dare you even ask, yes i kicked his ****"
1,good
1,HE`S COMPLETELY AMAZING
0,currently unemployed
0,awww i missed
1,glad to hear
0,****
1,hope
1,hope
0,hurts
1,Hahaha!
1,best
1,Excited!!!
0,so much to do!
0,gutted
1,the perfect after food...
0,i was singing she`s not impressed
0,he`s pissing me off.'
1,Gud nite all..
1,i like
1,HAPPY
1,Happy
1,Happy
1,is wishing good night everybody
1,y babies r the best!
1,de wereld need more ppl like you!
0,Another loser: ****.
0,h: you lack time
0,- NOT A HEAP HEY. JUST BOUT TU HIT THE SACK. ITS 1.15AM HERE. I NEED SOMEONE TU CUDDLE. SUCKS  WBU.?
1,"**** straight you know what the game is, and if you`ve heard the tracks you`ll know why I`ve been rocking out"
0,im hyper & im bored
0,whoops..
0,graandma`s houseee  i havee too leave now! <3
1,interesting
1,star trek pretty much rocked my life
1,e makes for great entertainment on TV  It is great to try and figure out the kill
1,fun.
1,"Yes, it is nice."
0,STARVING.
1,im goo
1,i love kenan
0,i can`t do
1,wants see my friends  ;-) http://plurk.com/p/wxnwa
1,excited
1,Ben I Love yahh babe <333! i miss you hope to see u tomorrow  Mommy i love  you tomorrow happy mothers day! happy mother day to all moms!
1,splendid ev
1,what a great Sunday
0,sorry
1,Awesome
1,Happy?
0,wrong
1,Fun times
0,ao`s leave me
1,won
0,sorry bout 2day
1,g   Thank
1,Enjoyed
1,"Wathing Dollhouse on Hulu, eating the special from El Taquito and a beer. B-day week is going well"
0,"Omg. I am so sorry. Sorry,"
1,thanks!! Yes!! A lot!
1,HAPPY
1,good to be back & go to the junction with the coolest people at ollies
0,bad
0,fail
0,camera died right at that moment.
1,funny
1,fun
0,I kind of miss my old phone already.
1,"Recovering from my crazy family. I love them, but they ain`t got it all   I only see em a couple of times a year, so I guess I can deal."
1,"funny,"
0,suck
1,glad
0,"work at one sucks, I miss happy hour"
0,Test discovery just missed being in Py3.1
0,died
0,i dont want it to be over
1,"congratulations,"
1,Nice
1,thanks
0,sorry
1,d happy
1,Loving
1,i really want to see you guys
0,****. ohhhh.
1,honour
0,it wasn`t that good tonight
0,my internet just crashed  i will ttytomorrow.
1,hope
1,Thanks
1,Morning workout sesh.  Love Life.
1,ultra sweet
0,sorry
1,yum.
1,good
1,awesome!
1,hope your day was good!
1,would love to help.
1,", like your new pix!"
1,musical theatre actor'  i wish :`
1,were great
1,dinner smells good..
1,Happy
1,you are beautiful!
1,Congratulations
1,good.
0,sad
0,miss high school lunches. A lot. ****.
0,"don`t hurt me,"
0,really guilty
1,g happier that`ll make you feel better
0,Is sad wh
1,deserve an award.
1,"the ending is te funniest, you`ll see. ;)  you know paranoif is always stuck in my head?? Love it."
1,n thanks
0,"horrors,"
0,little sad to
0,missing him like crazy.I
1,"awesome to meet you all lol,"
1,looking forward
0,missing the gf soooooooooooooooooooooooooooooooooooo much.
1,"wow, thats so cool!"
1,`s an important date!
0,**** i always miss it
1,Happy
0,Justin`s blanket shed black lint all over my white skirt.
1,God Bless you brother!
1,popular
1,thankful
0,absolutley gutted
0,sunburn
0,complicated sh-t
1,Have a great dayyyy
1,!  You`re good people
1,best
1,loving
1,great
0,i feel sick after that oreo and cheesecake milkskake  lol
0,h shocked the hell outta me
0,dizzy
0,not good.
1,Music soothes the soul...
0,Dont like this part of the job
1,Enjoyed
0,what?! i just missed home + away! nooooooooo
0,douchebag
0,Life is not fair!
1,e but i love her to death
0,I missed a lot of classes
0,Crazy debt issue.
0,Longggg day
1,It was heaps nice there.
1,i liked
0,so busy
1,s great!
1,Happy Star Wars Day !!
0,.just don`t start cats on fire..
1,Feels good.
0,"Not making good time,"
0,Sadness
1,had a great day
1,good morning.
0,weak!!
0,got mad cramps in my legs
1,I LOVED IT!
0,im sick
0,caught up
0,KILLED
1,best
1,h i lovee itt
1,awww! thats sweet
0,bored
1,amazing
1,amazing
0,I can barely focus
0,"pissed,"
0,Ughhhh.
1,hey Samantha welcome  and happy mother`s day!!
0,unhappy
0,y hated
0,"Yeah, if I lived on the rez, I`d already be dead."
0,forgot
0,soooory
1,Thanks
1,I hope that she has a wonderful day.
0,illogical
1,happpy
1,**** it`s good
1,Thanks
1,"K now that, that fiasco is all wrapped and good too go  back to studying for midterms =("
1,congrats
1,hope
0,far too warm
1,I luv urs! admitting niley with a kiss (: but then they change their minds  haha & demi/sterling (: not jemi but still cute
1,I am so nice
0,e discretion
1,t amazes
0,is having to miss the homesssssskooooler
1,Going to my favorite Greek Resturant after church for mom`s Day!!!!  Loved you on
1,nice
1,Thank
0,missed
1,exciting Sunday
0,Bored.
1,glad
1,gorgeous
0,t im still missing you.
1,worth
1,I like them.
0,I`m not a big fan of Costa
0,hates the sound of silence..doesnt like being shut out..
1,Sounds like you`re in for a great day!  Enjoy
0,"It was a lot of stress, though, so with that and supporting two big families he never quit smoking and died of lung cancer at 51."
1,good
0,unlucky
1,Nice sunny day
1,love
1,a great
0,it`s not going so well!
1,good night
1,Meeeee! It sounds delicious
0,upset
0,bad
0,sadly
1,goodnight!
0,just ain`t right!!
1,that was an interesting show
1,Wohoo!
1,'i hear its wonderful in california.'
0,so i`m screwed
1,good!
0,miss
1,baby alex i miss you  ily<3 good night</3
1,"Wow,"
1,t thatwouldmake1of myFRIENDS happy
0,slave.
0,a miss my lil bro`s
1,special
1,"cALL mE wiErD, bUt I jUs LuV rAiNy DaYs! MaKeS mE feeL sO waRm & cOzY iNsIdE  LoL"
0,trying to fix some weird query
1,i love
1,I am thankful!!
0,"bored, nothing to do"
1,Sounds nice!
1,hope
1,d suppose to be nice
1,would make a wonderful Mother`s Day present!
1,thanks
1,happy mother`s day!!!
0,bad
1,nice productive day
1,Eating a bagel  yummy
1,I hope
1,Lmao Yes its on the 27th  I get so excited
1,great
0,cruel
1,Doing really well!
1,hope
1,special
1,"OK nice one, cheers boss.  Am liking the lack of FCS today."
1,that`s awesome.
0,Imma miss you!
0,oops
0,Finally lost FM97
1,happy
1,best
1,besties
1,so much fun!!
1,Thanks
0,my sis doesn`t want to  well
0,am hungry agaaaaaaiiiin maaaam
1,"had a nice nap, finished some work, wrote bills, I have a surprise for you"
0,lower than zero..
0,you may have to email the tech support ppl. that`s odd.
1,good
0,it wont work in the uk
1,So good! Glad you finally got to see them
0,missed!
0,OMG SO srry to hear that
1,"thanks,"
1,Isn`**** exciting
1,awesome.
0,hurts!
1,I would be very grateful
1,relaXin on my day off.
1,thanks
1,happy
1,"Good morning, everyone!"
0,ratty
1,"one of my favorite,"
0,"Sorry william, gonna have to wait till next weekend ti"
0,charged
0,i don`t know what lender it was? yea these people definitely sucked butt toes. NOT friendly or helpful.
0,Rejected
0,ch ****
0,s sad
1,"exciting,"
0,"Its friday and i`m sick,"
1,just came back from a nice bike ride with her family and is now refreshed thanks to a shower
1,fun.
0,headache
1,Yes! You do!
1,favorite
0,i miss our walks home together
1,Woo!
0,so hard..
1,sFunF
1,They are always excited to go anywhere.
1,i really REALLY want my long pink hair back.
1,Very kew
0,blahh i`m tired an
1,'Happy Mothers Day!'
1,You`re not here. I hope you`re still resting.  I don`t want you to be stressed.
1,I love
0,it wont work for me
1,good night..
0,too late
1,its just he songs are so catchy
1,"awesome,"
0,Sucks
0,t! lam
0,sucks.
0,I missed
1,!  So proud of him!
1,Love you Mom
1,Thanks!
1,beautiful music.
0,aww sorry to hear you are having a bad time. Remember: this too shall pass
1,"has just finished reading Twilight and thought it was ****...okay, it was alright...okay, i love it and really wanna read the next one"
1,o enjoy
0,970 miles makes that kind of difficult.
1,I feel inspired
1,happy mothers day! im gunna crawl up in a ball and act like i dont exist  lmfaoo
1,Hopefully!
1,weLcomE
1,Happy
0,economy is depressing...
0,al ****-E-
1,smart!
0,", I had a suspicion about that!!"
1,Thanks!
0,Will miss my baby for 2 days
0,haven`t programmed
0,bad
1,g`morning
1,"very sweet, very rich."
1,Happy Mother`s Day
1,they`re soooo good.
0,not comfortable
1,impressive.
1,you did look pretty **** good
1,good to see you on twitter!!
0,WTF?!
0,never be okay
0,missed
1,i heart your face
1,smile
0,Long night ahead.
1,perfect
1,I wish
0,worrying th
0,"grr!  i hate being **** near forced to go places.  especially to sit on a bus for an entire day just to sit in a house in podunktown, va"
1,awesome!!
0,struggling
1,best
1,o looking forward
1,Omg. i love my parents i juss got a lavender camera as an early birthday present!!!
1,"it`s the small things in life that count,"
0,_skies miss you too :`( it is!i never want to come home.....seriously
0,?  No luck
1,happy
0,sad
1,love
0,I didn`t go to the gym today and I feel bad
1,good
0,"Rope witdrawal in full effect, no one to tie, no teaching, no demos, no one to play with. But worst of all - No one to play with!"
0,.i almost burnt my house
1,happy mothers day mom!
1,hope ur having a lovely weekend!
0,islip her plane
1,Same to your mom too pril
1,I love them
0,unable
1,its all about love and happiness  goodnight
1,"How Exciting, for you both"
0,ignore
1,SO beautiful
1,live long and prosper !
0,"um that`s really scary,"
1,Feels nice
1,thanks
1,Sweet!
0,e fail. *suicide*
0,boredom
1,"Thanks, I`m glad you liked it."
1,Hopefully
0,sorry
0,traumatized
1,Excellent
1,Happy Birthday
0,hurts!!
0,. i kinda lost respect
0,". He never got in trouble, I did"
0,"bad,"
0,Airsoft is horrible!!
0,Sad
0,w sad
0,too much
0,sad..
0,u all don`t seem to excited
0,n.  Terrib
1,beautiful
1,weather looks great
0,miss
1,"U were right, they did blow my mind  I love u SGB, even more all the time, Mom"
0,gutted -
0,I miss it already
1,loves
1,love
0,m tierd
0,fail
0,y my room  its a **** hol
0,t sick.
0,"Yeah, plus I always totally overspend"
0,so sad
1,GOOD
0,nooooooo  sue is retiring  no no no no!
1,yaaaaay.
0,A kidney stone.
1,o I LOVE
1,hope i don`t cry
1,"Amazing! The concert, the city, everything. It was really an awesome trip"
1,new supernatural tonight!
1,good
1,He seemed all happy about it
1,*smile
1,last forever.
1,It`s your inherent humility
0,died
1,productive
0,Sick!
0,. It`s going to get worse now that the girls r home for summer.  It stinks.
0,lol my other tank/dps friend is having the same problem in a different guild.  wtf is wrong with this server?
1,All is well..That ends well!
1,Battles
1,I like you
1,lol....
0,No.  I was thinking just before how much I miss my T-Dub.
1,Happy Mother`s Day..
0,: eww. dislike
1,ing
0,tired.
1,Good
1,THE best
1,good to have a (boy)friend like you
1,luckily I have nice friends across the street
0,failed
1,hope that goes well
0,my knee hurts!
0,stuvk with the wee stpid thing fo
0,lost
0,what the hell
1,gooooonight
0,o stop
0,Just worried about being overwhelmed
1,Thanks! I will tell her my friends on Twitter
0,Hate being sick
1,beautiful
0,headache
1,"Fatigue settling in, but gotta power through! Awesome seats again tonight. I`m pretty lucky. Life ain`t too bad..."
0,wrong.
1,you`re welcome Chica
1,"fine,"
0,I hate that
1,holy cute!
0,Not a so Healthy
0,hayfever has struck..
0,I never was good
1,womp womp woooomp!
0,hard
0,u fallin off sad face
0,slow.
0,sick
1,' wow
0,maybe I missed my chance this time
1,one of the best!
0,sorry
1,exciting
1,song is great!
1,awesome!wa
1,love
0,That`s the problem.
0,really hate us
1,better late than never
1,a joyfull
0,miss
1,cool
0,"Ahhh,"
0,"Old computer here, too slow"
0,distracted
1,#NAME?
0,U cud BELIEVE that!?
0,figuring out wats wrong with her she can drink but cant eat  ...
0,FAIL.
0,Sadly cannot listen...  *sob*
0,not much fun
1,e best
1,Yay! Un
0,sick
0,Sad.
0,missed
1,Happy Star Wars day! May the 4th be with you!
1,it`s good to see
1,okay thank you! i
0,sorry
0,i missed the game
0,miss
0,oh dear.  that is terrible
1,I`m just over the moon
0,goddam?!
1,hopes
0,.  Sorrie
1,yaay
1,best in the land!
0,My knee is killing me
0,I REALLY miss
1,"awww  no problem , sorry for tha loss"
1,look what a poet I am.
0,I hate moving; and hate packing even more
1,really enjoyed the podcast with  This was my 1st time listenening to the show. Will def listen from now on
1,i dont think i`ve cried so hard for a show..
0,such a boring TV
1,credit
1,s august 2nd will be a blast
0,sad
1,great
0,sucks
1,so cuuuute little fella
1,welcome
1,rocked
0,I feel extremely flushed
1,enjoy
1,blessed
0,doesnt look good
1,good wakeup music
1,good
1,I`m sooo HAPPY De
1,thanks
0,The trackpad and the battery life suck balls for quarters. Seriously missing my MacBook Pro
0,", im going to bleed to death"
1,Have a good day
0,Ugh..
0,It doesn`t look hopeful.
1,all the best for art attack. thanks 4d follow
1,- it`s all good fun
1,s not too bad
1,Happy Mother`s Day
1,fantastic
1,enjoying
0,e  HATERS
0,", you`re a bad sister."
0,sorry to hear that
0,argue
0,Just uploading photos from the cell...nothin like true candid-ness!
0,hurts.
0,weird
0,"No Happy Mums day for the Mums,"
0,i`m definently jealous.
0,lost
1,office hours/trying to make my computer feel better.
0,well dnt really knw wot to do
1,3d effect was best
1,Reminders are good!
0,Gosh! I missed the yesterday live chat..
1,Loves
1,OMGSH
1,Thank
1,my friends  Mindless fun.
1,good
1,sumptuous
1,Wonderful
1,right!
1,nice chat
0,never invite
0,sober weekend ahead...
0,tired
1,good
0,bahhhh.. cold weather is making my teeth hurt.
0,utterly digusted wi
0,Ugh..  this sucks.
1,Loves him but most importantly loves my mom! Happy Mothers Day!
0,is buttfuck stupid
0,"empitome of epic fail,"
0,sorry
0,I WAS STRESSED OUT
0,why we canï
0,beating
0,oh my... now im offended.
1,i wish it wasnt over
1,Yum. Thanks.
1,good book.
1,I wish
0,im still devastated
1,welcomed
1,haha
0,that`s meAn
1,Thank you for YOUR positive energy
0,stupid
1,favorite
1,Show us some love!
1,please
1,that`s the coolest part
1,HAPPY
1,the most wonderful man
1,My besties.
0,o sad
0,I cried like a **** baby...I`m missing my beast like crazy!
0,boring
0,doesn`t like
0,bored at
1,Happy Mother`s Dayyyy. Love you mummyyyyyyyy
1,hope
0,breaks
0,hate
0,Bloody boiling in here...
0,Crappy day
0,i miss youuu
1,Loved that lady.
1,fantastic!
1,loves
1,good luck
1,Yesssssir
1,happy
1,good.
0,Hell unlucky!
0,can`t find it in my emails either!
1,good
1,thanking and praising God some more!
1,Good luck tonight! have fun
0,it`s not working
1,nice
0,wish i
0,WTF?
0,"spammers seem to move fast though,"
0,hurts.
0,a sad
0,oh man! They better do something to fix that!! ugh stupid Verizon
0,disappointed
0,Dead gerbil
1,Happy STAR WARS Day - May the fourth be with you!
1,love
1,t hilarious
1,good
0,feel really sick
0,hates
1,I feel very 'office space' right now.
1,should be hilarious
1,Chillin
1,Enjoy
0,missed
0,"Ughhhhhhhhh,"
0,hard
0,crappy ms
1,Good
0,I get to go to coffee now  It`s no fun. I hate it too!
1,faster than expected.
1,No worries
1,"Oh yeah,"
1,excited
1,you`re so cute.
1,thx 4 following  r y a band? What kind of genre that y play? Nice to meet all of
0,too bad
1,Good
1,ThankUJesus!  BeYEBlessed!
0,t cnt b boverd.
0,I didn`t think i looked that much like a ****
0,sorry.
1,funny!
0,y depressing.
1,hope
1,lucky
0,mashed up
1,fun day
1,feel alllll right!
1,good
0,fake asses!
1,awesome new phone from sony ericsson  - I am now Berry`d like
1,HAD SO MUCH FUN TODAY !
1,beautiful
0,sick
1,"helpful,"
1,happy
1,you are the sweetest.  love you cuz!
0,broken my leg
1,familiar
1,Thanks
0,no invert call tree button to be found
1,weee! internet is back here at home!
0,messed
0,I really did over react and do the worst
0,my heart goes out to you
1,good
0,stupid
0,my finger hurts  lmao
0,bad
0,UGH! I have GOT TO STOP biting my nails  grrrrr
0,****
1,wow
0,doesn`t sound very good
0,t sucks
1,Yay!
1,Macarena never looked so good. Loved
1,cute
1,Morning my Awesome brudder!
1,Thank
1,Good luck wi
0,i so feel neglected
0,Can`t sleep!!
0,bad
1,I`m wishing
1,have funnn!
0,miss
1,Luckily
1,has been fun..
0,Worried
1,Happy Mother`s Day mommy and grandma haha  ily
0,HELP
1,thankyou
0,snapped his poor neck. gotta bury him
1,since all the fun happens when I`m asleep!
1,thanks
1,You are an absolute legend! Love love love it
1,loveeeeeeeeeeeeeeeeeeeeee
0,i cant deal.
0,feel crappy today
0,Not good!
1,Sunday feels great
0,I`m sorry you`re sick
0,hate
1,fan
1,thankyou
0,i`m bored
0,suffers
0,I miss my brothers.
0,The link doesn`t work
1,good
1,aww such a cutie
1,Thanks
1,Happy Mother`s Day ~ and for single dads who plays both mom and dad role enjoy your day too
1,very good day
0,!!! I am going to cry all the way home!!!
1,niceeeee
0,smeared
1,wonderful
0,"so, why the hell are we going to school for 2 hours next monday and tuesday...dumb snow days and thier lame rules...my mom making me go"
0,stupid
0,late
1,I like ur momma`s style!
1,Great.
1,morning darlin`  Hope you`re feelin` tip-top
1,"Ohhh, how lovely! I`m glad that you had a great time there."
0,I don`t think the coffee at work agreed with my tummy
1,Thanks! carry on the craziness again!!!
1,good luck with your auction
0,Some guy just said he wanted to spank me
0,me too  no one even liked my answers to life last night
1,lucky!
1,Thanks for your share tonight.
1,It should be a good day
1,r I`m excited anyway.
0,broken.
1,love
0,badly
1,happy
1,Thanks
1,I love these clutches!
0,unfortunately
1,oh no not difficult.
1,we will work on that mama  sweetdreams!
0,Ugh
1,One of my excellent designers
0,too long
0,lost
0,I can`t go back to sleep.
1,aww  cant wait to have you back in LA! <333
0,delicious
1,It was pretty cool. The kids *and* the adults had fun.
1,I gave a homeless lady named Ruby an Ice Cream sandwich and a cigarette.  That is my g00d deed for the day. :p
0,. Not an easy problem
0,Hates
0,very bad dream
0,"Been sick all week and still not feeling so well,"
1,I am up and feeling pretty **** gud! I dont even have a hangover what a nice feeling
1,fun!
0,Greg Pritchard should have got threw to
1,thanks
0,****
1,best.
1,like
0,Nooooooo!
0,feelin lonely
1,appreciate
1,i like
0,go away
1,"Spending a wonderful Mothers Day with Brad, Mom and Dad.  Happy Mothers Day to all Moms"
1,just finished baking some cinnamon rolls   soooo yummy!
1,win
1,awesomeness
1,very nice
0,Over-thought
1,fun
1,Very happy
0,hard
1,t loveees
1,good
1,love
0,missing
1,good
0,(sorry
0,z i really dont want to.
1,had fun at
0,once i hit christian in the head with a metal bat! haha he then socked me in the eye! haha i miss being a reckless little kid
0,shame on me!!!
0,terrible
0,"Am in the place called 0UT OF NOW WHERE!! Take me out from here, somebody"
1,good
0,oh plzzzzz
0,So sad.
1,I need one too.
0,Aam   these dogs are going to die if somebody doesn`t save them!
0,feeling extremally ill
0,My Respect For Travis Clark Has Gone Down
0,Twitter you suck
1,you know what it is to see people you love most in his country and could not get closer?
1,"Twenty20 cricket, beer and sunshine very good. Well apart from the beer cause i`m on tablets!"
1,fun.
0,hates
0,so tired af
1,Can`t wait 4 a real bed!
1,Goodmorning
0,dirty!
1,**** lovee
1,chillin
0,too freaky
0,i feel like tweeting you for no reason.
0,pity
1,Feeling enthused
0,flu
0,"weather`s... ugh, something like asthma. So"
0,problems
1,"good,"
1,! How exciting!
1,all is good..happy mother`s day!!..
1,Excited
1,love
1,wants to cool down
0,hates me
1,summaa`s coming !!!
0,With sean s. watching house of a thousand corpes
1,love
1,sweet
1,PRIDE
0,hacked
0,"just watched terminator 2 and i cried, Its the one movie that makes me cry for some reason when arnie dies!"
1,Its a good hurt
1,joke
0,i hate being sick.
0,wiped.
0,"hit the wall,"
1,Hopefully
0,grrh
0,"I hate working nights, cos I`m not really able to enjoy this gorgeous weather, as I will be asleep"
1,"AND, We have your fabulous interracial ****!  WOOT!"
1,that would be perfect.
1,Glad
1,amazing
1,the best part
0,I`m feeling so weak and tired
0,Foolish
1,hope
1,d it absolutely ruled
0,Getting dizzy. Going to have to lower my original raise. Please don`t think any less of me.
0,i couldnt respond cuz i maxed out
0,Cough drops taste gross...blaaaqhhh
0,"pain,"
1,loving my sunday so
0,I feel like I haven`t talked to you in a really really long time.
1,great
1,We spell it the best
0,sad
1,*waves to make it all OK again*
0,shamed
1,life is good.
0,poor girl
0,I just crashed
1,Thanks for pointing out the crucial problems . Both of them have been taken care of  (c
1,#NAME?
0,OMFG
1,FUN!
1,love
1,I like your HR shirts.
1,beautiful
0,cannot waste my parents money.  Nt fair.
1,nice
0,****
1,I am a huge Mitch fan
0,tired
0,so expensive
0,unfortunately
1,won
0,rubbish
0,I have MAJOR CRAMPLES!!!!!!!!!!!!!!!!!!!!!!!!!!!!!!!!!!!!!!!!!!!!!!!!!!!!!!!!!!!
1,B!    Super
1,good
0,wrong size
0,bad!
0,unsurprised
0,"I`m absolutely exhausted,"
1,cute
1,sense
1,I love her so
0,"Early Monday,great  Rainy Monday,not so great :|"
0,wonders when all of these end..
1,Oh it`s so beautiful!
0,forgot
1,good
0,Today is way too stressful.
0,gah!
1,Happy
1,Happy Mother`s Day..
1,hope
1,awww wish I was there!
1,wanna
1,diet is working great
0,OMG..
1,LOVE
1,"You`re welcome, of course!"
1,May
1,WHEW!
0,ugh im crying again  writing a rant about it on tumblr.
0,Not even better
1,d absolutely loved it
1,while having some fun
0,"So has anyone had that yucky new throwback pepsi and mountain dew yet? If they plan on keeping it around, I will not be drinking it!"
0,getting sick... Ugh I`m losing my voice!
0,they make my gums hurt
1,finally got the sleep i needed
0,down.
1,when you know u aint done the wrong
0,died
1,lunch
0,ne just doesn`t want to work
1,e crazy
0,sad
1,h thank you
1,Hopefully
0,Missing
0,fail
1,super great flick though.
0,THIS WEBSITE GAVE ME A VIRUS!
0,sarcy
1,I skip school way too often  I`m rather proud actually.
1,liking your style Alice
1,lOve
1,e hope
1,super duper excited
1,crazy
0,hurt..
0,dropped
0,nobody loves me on twitter
1,good
1,SO funny..
0,nasty
1,ahh it was so amazing! and I am now in love with David Archuleta
0,i dont think you can vote anymore!
0,bother
1,Iiight thanks.
1,most epic we
1,",love"
0,stupid.
0,y. I miss you too
1,KMF going smoothly so far. Free stuff is always a plus.
1,hoping
0,miss
1,Oh and I hope Miller has a better day too
0,bummer
1,omg i had that book its soo funny
1,Hope u had a lovely time away
1,ds amazin
0,im so jealous
1,. I love Providence
0,Hate
1,pretty tired after a nice full day.
1,I like
1,thanx very much
1,perfect
1,'May the 4th' be wit
0,sad
1,thanks  this one will be a hit.
1,Had great time
1,check out this funny movie
1,s worth
1,happy
1,WOO!
1,Beautiful
0,ouuhh dont cry  i feel so sad right now
0,not good!
1,Another amazing night
1,all the photos  niceeeee
1,A relaxing
0,why you never answer me...
0,sick
0,overreaction..
1,ugh  and its sooo pretty outside..
1,funniest
0,too bad
1,you can explore the site 2 and find cool stuff
0,Annoyed
0,sorry we keep missing each other...
1,Blessings and Jo
0,SUCK
0,I don`t like Chris
1,Thanks
1,Awesome
1,Madly in love
0,MISS
1,Happy Mother`s Day
1,supposed to be good
1,thank
0,can`t read it
1,WHEE!
0,passed away
1,Indeed. Have a nice week!
1,good!
1,"Thanks for the review,"
1,SO white now.
0,horrible experience
0,Don`t count on it
1,great.
1,good
1,have fun
1,give me a chance
0,puncture!!
1,favorite
0,**** you rhinitis!
1,Sweet
1,a omg you win
0,saddd.
0,d without em`
0,headache and colds..
0,don`t have an appetite
0,is gonna bleed ALL of us dry!
1,now relaxed and well rested
0,I`m a bit bored
1,LOVE YOOOOUUU.
1,"shes so cute,"
1,good
1,Goodnight
1,fun!
1,Happy Mother`s Day to all Mothers out there
1,best
0,sucks!
1,Happiness is like peeing your pants...nobody can see it but only you can feel it`s warm sensation
0,"sooo tired,"
1,"this is pretty helpful, and kinda cool actually"
0,i miss my long hairrr
1,Finally upgraded to Spotify premium - exceeded my threshold of awesomeness some time ago.
1,good
1,? I like jackets.
1,congratulation
0,sick.
0,working mad hard
1,LOVE
1,Relaxing
1,relaxing night at home with best people
0,miss
0,depressing
1,Wish
0,its too warm
1,y`s gre
0,I miss you too
0,wow I feel like ish  and I really feel bad because those ignorent aholes wont overturn prop 8
1,POSITIVE
0,Worried
0,.your blog won`t let me post a comment.
0,havent ate today
0,Feel so depressed that I couldn`t save it... Thanks for nothing!
1,good morning hun!
0,exhausting.
0,Sorry
0,Back at homes hmm.. i rly am going to miss my boo for 2 days like wtf
0,Tiring
0,"sorry,"
1,yay!
1,goood
0,sore!
1,Wat a nice day it was 2day!me and rachel decided to walk to work and walk back lol..was so warm inside tho
1,motivated
1,cheered
0,tired
1,fun
0,I WILL CRY!!
0,We`re not gonna be able to talk again
1,Cool.
1,good
1,hapee
1,Congrats on your bike ride today.. Very impressive indeed.
1,have fun
1,eventful..
0,ohh ****
0,dying on me
0,shame
0,so ill have a few free days a week... ill hit u up
0,my little booboo is sick
1,Happy mothers day
0,It hurts so bad
1,wow. hehehe. mushy-mushy mode.
1,. hope ur lookin 4ward
1,good
0,badly
1,Wow thanks a lot!
0,AAAAARRRRGGGHHH!
0,attacked
0,just completely lame. I`m sorry dude.
0,we watched that one day in the middle of playing-- it REALLY doesn`t hold up
0,im sorry.
1,good
0,sucks
1,good.
1,happy.
0,missed
0,sad
1,Quite excited
1,Happy Star Wars Day.every one
0,Dumb
0,i feel u  but its sooo close to me hard not to  but i cant so no point ug
1,love it wh
1,Cant wait to see the 3d concert
0,so i feel like **** for saying HAPPY BELATED BIRFDAYY.. i`m only a month late
1,lead
1,sounds good though.
1,w hope uve hada good day
1,Have a great day.
1,Happy
1,best of dreams
1,great
1,officially the BEST way
0,Unfortunately these heffas decided to take an impromptu mall trip
1,laugh
1,Happy
0,Looks like no diamond ball for me
1,boo hoo!
1,e doesnt try to violently
0,Ugh worried about my math test
0,might just have made me cry
1,special
1,happy
0,tierd
1,haha.. good for you
0,None to be had
0,I don`t think I`m very well.
1,"en, hope it doesn`t rain"
0,"broke,"
1,Good morning
1,e Fine
0,should stop relying
1,Hopefully
0,Dammit!
1,y hope
0,"bad,"
1,pleasure
0,restrictions!
1,a wonderfu
1,Good night
1,NEED SOMEONE TO CHEER ME UP
0,Bored
0,dorky.
0,hurt
1,aww
0,failing
1,glad
1,Good
1,good
1,no problemo!!
0,lied!
1,thanks
1,love
1,fun
0,poor
0,has a tummy ache
0,Sleep-fail.
0,What a miserable day
0,gutted
1,Thanks
0,sucks.
1,Soooo romantic ev
0,i lose.
0,noooooooo  i miss you
1,awesome
1,Good
0,Hmph.
0,tired.
1,nice
0,****
1,pretty much ever HP except the one i wanted to look at
0,It isn`t moving fast enough.
1,Happy
1,liking
0,. Boring
0,didn`t
0,miss
0,****!
0,sorry
1,Thank you!  The best to you and yours tomorrow... I hope you all have a lovely day together!!
0,hates
1,fun
0,unfortunately
1,y. Lol
1,loves
1,wish!
0,hurts
0,No good
1,good!!
1,cuuuute
0,nauseatingly
1,"Yes! Cold coffee from yesterday. No sugar, no cream !  The way I like it !"
1,had a shitload of fun with her friends
0,pains
1,i appreciate
1,super excited
0,sorry
0,FLASH IS BEING **** TONIGHT!
1,enjoy
1,goodluck
1,Thanks
1,fun
0,>> HELP?
1,favorite
1,Lov
0,and guess what ! ive got 20 % ! wow its impossible
0,didn`t put any treats on my food
1,I love to jazzercise with Mrs. Underwood. I wish she was my chaperone.
0,Bummer.
1,HAPPY
0,sad
1,enjoy
0,I have a headache.
0,not in the fun way
1,encourage
1,good
0,my finger hurts
0,Bore
1,ly shade loving native wildflowers
1,wish
0,False hope!
1,so great to hear from u again today! U r the best!
1,In pillow heaven
1,Lol
0,**** the whole Twitter silence ex
1,hey! nice pic
0,awkward flashing.
1,"Yes, you really should!"
0,no luck in
0,disconnected
0,can`t go to
0,awww poor little girl on britains got talent
1,thks
1,im so thankful
0,sadly
